time,open,high,low,close,Volume,Volume MA
1643324940,1796.65,1796.784,1795.8,1796.744,360,413.6
1643325000,1796.72,1796.835,1795.7,1796.814,498,414
1643325060,1796.78,1796.845,1795.8,1796.71,408,411.4
1643325120,1796.699,1797.24,1796,1797.21,465,393.8
1643325180,1797.23,1797.43,1796.3,1797.37,183,371.9
1643325240,1797.32,1797.54,1796.5,1797.49,330,351.45
1643325300,1797.37,1797.63,1797.2,1797.61,607,381.05
1643325360,1797.48,1797.695,1796.7,1797.648,208,390.8
1643325420,1797.608,1797.86,1796.8,1797.77,179,399.65
1643325480,1797.77,1797.85,1797.4,1797.81,291,414
1643325540,1797.68,1797.81,1796.8,1797.6,377,432.05
1643325600,1797.526,1797.76,1796.6,1797.64,450,412.15
1643325660,1797.64,1797.64,1796.6,1797.39,426,395.35
1643325720,1797.32,1797.74,1796.5,1797.72,492,388.65
1643325780,1797.695,1797.75,1796.6,1797.37,408,390.6
1643325840,1797.29,1797.48,1796.5,1797.21,525,389.3
1643325900,1797.09,1797.42,1796.2,1797.384,360,383.1
1643325960,1797.4,1797.42,1796.4,1797.19,401,385.4
1643326020,1797.18,1797.53,1796.3,1797.3,456,391.65
1643326080,1797.395,1797.92,1796.2,1797.834,524,397.4
1643326140,1797.748,1797.97,1796.8,1797.96,471,402.95
1643326200,1797.85,1797.97,1797.3,1797.578,544,405.25
1643326260,1797.7,1798.09,1796.6,1797.6,483,409
1643326320,1797.99,1798.23,1796.8,1797.91,399,405.7
1643326380,1797.995,1798.05,1796.7,1798.01,517,422.4
1643326440,1797.89,1798.25,1797.2,1797.98,504,431.1
1643326500,1797.6,1798.25,1797.1,1798.08,457,423.6
1643326560,1797.93,1798.34,1797.2,1798.07,449,435.65
1643326620,1798.07,1798.12,1797,1797.768,455,449.45
1643326680,1797.94,1798.04,1797,1797.38,508,460.3
1643326740,1797.22,1797.39,1796.3,1797.37,372,460.05
1643326800,1797.259,1797.82,1796.5,1797.59,506,462.85
1643326860,1797.614,1797.74,1796.5,1797.24,487,465.9
1643326920,1797.134,1797.61,1796.3,1797.24,559,469.25
1643326980,1797.09,1797.37,1796.1,1797.37,585,478.1
1643327040,1797.315,1797.77,1796.2,1797.6,513,477.5
1643327100,1797.61,1797.67,1796.6,1797.159,657,492.35
1643327160,1797.13,1797.32,1796.2,1796.81,635,504.05
1643327220,1796.819,1797.5,1795.5,1797.29,655,514
1643327280,1797.175,1797.71,1796.1,1797.435,437,509.65
1643327340,1797.53,1797.71,1797.1,1797.495,476,509.9
1643327400,1797.554,1797.61,1796,1796.99,558,510.6
1643327460,1796.85,1797.32,1796.2,1796.99,582,515.55
1643327520,1796.98,1797.39,1796.3,1797.26,488,520
1643327580,1797.28,1797.33,1796,1797.02,499,519.1
1643327640,1797.02,1797.17,1796.2,1796.7,502,519
1643327700,1796.91,1797.09,1795.8,1796.5,441,518.2
1643327760,1796.75,1796.99,1795.9,1796.8,457,518.6
1643327820,1796.728,1797.19,1796,1797.115,474,519.55
1643327880,1797.15,1797.18,1796.1,1796.81,693,528.8
1643327940,1796.84,1797.29,1795.9,1796.9,529,536.65
1643328000,1797.3,1797.3,1795.7,1796.51,1149,568.8
1643328060,1796.33,1796.47,1795.2,1796.31,727,580.8
1643328120,1796.18,1796.63,1795.4,1796.31,589,582.3
1643328180,1796.31,1796.38,1795.2,1795.87,613,583.7
1643328240,1795.87,1796.68,1794.9,1796.3,719,594
1643328300,1796.59,1796.72,1795.5,1796.5,641,593.2
1643328360,1796.498,1796.76,1795.8,1796.68,640,593.45
1643328420,1796.68,1796.68,1795.5,1796.2,463,583.85
1643328480,1796.17,1796.38,1795.3,1796.12,663,595.15
1643328540,1796.26,1796.31,1795,1796.13,723,607.5
1643328600,1796.13,1796.22,1795.1,1795.6,590,609.1
1643328660,1795.96,1796.13,1794.8,1795.759,818,620.9
1643328720,1795.795,1796.07,1794.9,1796.06,458,619.4
1643328780,1795.92,1796.19,1795.1,1795.855,529,620.9
1643328840,1795.96,1796.04,1795,1795.93,570,624.3
1643328900,1795.839,1796.16,1795.1,1795.8,806,642.55
1643328960,1796.09,1796.2,1794.9,1795.99,411,640.25
1643329020,1795.89,1796.01,1794.8,1795.875,470,640.05
1643329080,1795.6,1796.11,1795.6,1795.9,441,627.45
1643329140,1796.02,1796.02,1795.4,1795.79,513,626.65
1643329200,1795.705,1795.87,1794.5,1795.66,505,594.45
1643329260,1795.575,1795.68,1794.8,1795.126,475,581.85
1643329320,1795.088,1795.31,1794,1795.19,756,590.2
1643329380,1795.19,1795.66,1794.7,1795.56,589,589
1643329440,1795.56,1796.05,1794.3,1795.96,602,583.15
1643329500,1795.6,1796.2,1794.8,1795.7,816,591.9
1643329560,1795.93,1796.2,1795,1796.16,735,596.65
1643329620,1796.02,1796.31,1795.2,1795.97,771,612.05
1643329680,1796.09,1796.15,1794.9,1795.66,756,616.7
1643329740,1795.67,1795.99,1794.7,1795.79,416,601.35
1643329800,1795.69,1795.92,1794.7,1795.78,516,597.65
1643329860,1795.755,1796.27,1795,1796.26,719,592.7
1643329920,1796.11,1796.26,1794.9,1795.95,696,604.6
1643329980,1795.775,1796.02,1795,1795.69,561,606.2
1643330040,1795.703,1795.82,1794.7,1795.59,600,607.7
1643330100,1795.604,1795.71,1795.1,1795.2,485,591.65
1643330160,1795.46,1795.59,1794.5,1795.41,658,604
1643330220,1795.42,1795.89,1794.7,1795.77,762,618.6
1643330280,1795.62,1796.08,1794.9,1796.05,513,622.2
1643330340,1795.86,1796.15,1795,1796.12,517,622.4
1643330400,1796.12,1796.15,1795,1795.79,676,630.95
1643330460,1795.76,1795.82,1794.8,1795.568,486,631.5
1643330520,1795.69,1796.1,1795,1796.09,442,615.8
1643330580,1796.019,1796.41,1795.2,1796.255,653,619
1643330640,1796.239,1796.32,1795,1796.22,655,621.65
1643330700,1796.09,1796.39,1795.1,1796.36,443,603
1643330760,1796.36,1796.49,1795.9,1796.43,643,598.4
1643330820,1796.384,1796.71,1795.2,1796.67,507,585.2
1643330880,1796.67,1797.14,1795.4,1797.055,511,572.95
1643330940,1797.1,1797.18,1795.8,1797.04,504,577.35
1643331000,1797.04,1797.04,1796.2,1796.6,473,575.2
1643331060,1796.6,1796.6,1795.2,1796.4,474,562.95
1643331120,1796,1796.68,1795.3,1796.3,651,560.7
1643331180,1796.54,1796.72,1795.4,1796.5,596,562.45
1643331240,1796.5,1796.69,1796.1,1796.44,696,567.25
1643331300,1796.255,1796.54,1795.2,1796.52,565,571.25
1643331360,1796.1,1796.72,1795.3,1796.3,790,577.85
1643331420,1796.7,1797.01,1795.4,1796.6,466,563.05
1643331480,1796.87,1796.99,1795.6,1796.92,614,568.1
1643331540,1796.864,1797.31,1795.9,1797.09,880,586.25
1643331600,1796.8,1797.26,1795.7,1796.41,2228,663.85
1643331660,1796.41,1797.25,1795.3,1796.96,1909,735
1643331720,1796.908,1797.56,1795.7,1797.35,1939,809.85
1643331780,1797.243,1797.64,1796.3,1796.91,1528,853.6
1643331840,1796.76,1797.24,1795.8,1797.03,1444,893.05
1643331900,1796.994,1797.51,1795.6,1796.6,1548,948.3
1643331960,1796.59,1796.95,1795,1796.823,1797,1006
1643332020,1796.824,1796.915,1795.4,1796.76,1710,1066.15
1643332080,1796.64,1797.07,1795.8,1796.92,1218,1101.5
1643332140,1797.024,1797.1,1795.9,1796.838,1117,1132.15
1643332200,1796.93,1797.23,1796,1797.124,1041,1160.55
1643332260,1797.15,1797.24,1796,1796.874,882,1180.95
1643332320,1796.9,1797.205,1796.1,1796.84,1225,1209.65
1643332380,1796.939,1797.104,1796,1796.83,1138,1236.75
1643332440,1796.95,1797.33,1795.9,1797.2,1191,1261.5
1643332500,1797.09,1797.38,1796.3,1797.1,1038,1285.15
1643332560,1797.104,1797.46,1796.1,1797.12,1069,1299.1
1643332620,1797.27,1797.275,1795.9,1796.98,846,1318.1
1643332680,1796.85,1797.11,1795.6,1796.93,996,1337.2
1643332740,1797.04,1797.27,1795.8,1796.8,920,1339.2
1643332800,1797.07,1797.63,1796.2,1797.49,1070,1281.3
1643332860,1797.36,1797.84,1796.5,1797.77,762,1223.95
1643332920,1797.83,1797.97,1796.6,1797.93,646,1159.3
1643332980,1797.93,1798.01,1796.6,1797.488,890,1127.4
1643333040,1797.51,1797.75,1796.5,1797.75,749,1092.65
1643333100,1797.7,1798.095,1796.6,1798.02,1069,1068.7
1643333160,1798.06,1798.22,1796.9,1798.19,893,1023.5
1643333220,1798.19,1798.32,1797,1798.05,883,982.15
1643333280,1798.11,1798.51,1797.2,1798.31,818,962.15
1643333340,1798.22,1798.71,1798,1798.5,798,946.2
1643333400,1798.37,1798.71,1797.4,1798.59,1110,949.65
1643333460,1798.53,1798.79,1798,1798.41,1168,963.95
1643333520,1798.31,1798.41,1797,1797.96,1048,955.1
1643333580,1797.83,1798.02,1796.6,1797.82,1136,955
1643333640,1797.85,1797.98,1796.5,1797.77,1047,947.8
1643333700,1797.833,1798.48,1796.7,1798.44,986,945.2
1643333760,1798.31,1798.471,1797.1,1798.108,810,932.25
1643333820,1798.11,1798.49,1797,1798.47,977,938.8
1643333880,1798.435,1798.56,1797,1798.21,1003,939.15
1643333940,1798.08,1798.46,1797.8,1798.46,816,933.95
1643334000,1798.418,1798.58,1797.2,1798.488,1048,932.85
1643334060,1798.54,1798.61,1797.3,1798.27,1138,951.65
1643334120,1798.41,1798.78,1797.2,1798.72,1147,976.7
1643334180,1798.78,1798.99,1797.7,1798.828,921,978.25
1643334240,1798.94,1799.33,1797.8,1799.21,1278,1004.7
1643334300,1799.21,1799.26,1797.8,1799.14,1096,1006.05
1643334360,1799.01,1799.18,1797.9,1799.09,1174,1020.1
1643334420,1798.8,1799.09,1797.3,1798.89,1199,1035.9
1643334480,1798.89,1798.945,1797.5,1798.81,1010,1045.5
1643334540,1798.758,1799.15,1797.6,1799.15,996,1055.4
1643334600,1799.02,1799.15,1797.7,1799.11,1287,1064.25
1643334660,1799.11,1799.14,1797.9,1798.93,769,1044.3
1643334720,1798.958,1799.07,1797.7,1799.02,663,1025.05
1643334780,1799.02,1799.14,1797.9,1798.918,779,1007.2
1643334840,1798.91,1799.01,1797.4,1798.704,1200,1014.85
1643334900,1798.6,1798.8,1797.5,1798.44,816,1006.35
1643334960,1798.42,1798.6,1797.3,1798.448,912,1011.45
1643335020,1798.49,1798.6,1797.2,1798.37,710,998.1
1643335080,1798.384,1798.51,1797.1,1798.35,918,993.85
1643335140,1798.318,1798.78,1797.4,1798.624,1183,1012.2
1643335200,1798.67,1798.77,1797.1,1798.4,1199,1019.75
1643335260,1798.71,1798.73,1797.5,1798.53,730,999.35
1643335320,1798.4,1798.54,1797.1,1798.21,805,982.25
1643335380,1798.115,1798.68,1796.9,1798.68,1115,991.95
1643335440,1798.69,1798.75,1797.4,1798.2,740,965.05
1643335500,1798.54,1798.54,1797,1798.21,691,944.8
1643335560,1798.21,1798.23,1796.6,1797.81,908,931.5
1643335620,1797.81,1798.13,1796.8,1798.13,854,914.25
1643335680,1797.8,1798.32,1797.7,1798.284,462,886.85
1643335740,1798.32,1798.52,1797.1,1798.3,803,877.2
1643335800,1798.32,1798.41,1797.9,1798,897,857.7
1643335860,1798.41,1798.43,1797.9,1798.18,690,853.75
1643335920,1798.32,1798.37,1796.9,1798.09,1201,880.65
1643335980,1798.09,1798.09,1796.7,1797.755,1018,892.6
1643336040,1797.79,1797.91,1796.5,1797.77,966,880.9
1643336100,1797.89,1797.93,1797.3,1797.8,546,867.4
1643336160,1797.764,1797.97,1796.6,1797.91,550,849.3
1643336220,1797.6,1798.2,1796.8,1798.03,612,844.4
1643336280,1798.1,1798.25,1796.7,1798.23,461,821.55
1643336340,1798.1,1798.37,1797,1798.21,674,796.1
1643336400,1798.214,1798.55,1797,1798.474,593,765.8
1643336460,1798.51,1798.51,1797.1,1798.31,343,746.45
1643336520,1798.25,1798.344,1796.9,1798.16,506,731.5
1643336580,1798.055,1798.18,1796.8,1798.04,524,701.95
1643336640,1798.045,1798.47,1797,1798.22,660,697.95
1643336700,1798.19,1798.32,1796.9,1798.03,687,697.75
1643336760,1797.7,1798.28,1797,1798.05,631,683.9
1643336820,1798.04,1798.59,1796.9,1798.56,748,678.6
1643336880,1798.56,1798.74,1797.4,1798.74,450,678
1643336940,1798.74,1798.74,1798.3,1798.3,447,660.2
1643337000,1798.68,1798.74,1797.3,1798.47,969,663.8
1643337060,1798.47,1798.5,1797.2,1798.27,916,675.1
1643337120,1798.18,1798.28,1796.8,1798.22,760,653.05
1643337180,1797.9,1798.23,1797.2,1798.18,690,636.65
1643337240,1798.18,1798.18,1796.9,1797.85,709,623.8
1643337300,1797.74,1797.93,1796.7,1797.54,954,644.2
1643337360,1797.52,1797.85,1796.7,1797.73,900,661.7
1643337420,1797.73,1797.82,1796.8,1797.73,595,660.85
1643337480,1797.6,1797.91,1797.4,1797.575,671,671.35
1643337540,1797.62,1797.96,1796.9,1797.678,518,663.55
1643337600,1797.81,1798.13,1796.8,1798.03,862,677
1643337660,1797.9,1798.08,1797,1797.96,1017,710.7
1643337720,1797.96,1798.15,1797,1798.064,800,725.4
1643337780,1798.1,1798.1,1797.1,1798.01,552,726.8
1643337840,1797.6,1798.01,1797,1798.01,460,716.8
1643337900,1798.01,1798.01,1796.5,1797.81,718,718.35
1643337960,1797.68,1798.12,1796.6,1797.958,742,723.9
1643338020,1798.12,1798.15,1796.8,1798.04,476,710.3
1643338080,1798,1798.52,1797,1798.21,614,718.5
1643338140,1798.284,1798.69,1797.3,1798.55,686,730.45
1643338200,1798.68,1798.76,1798,1798.73,875,725.75
1643338260,1798.73,1798.84,1797.7,1798.81,611,710.5
1643338320,1798.81,1798.81,1798.3,1798.64,390,692
1643338380,1798.64,1798.76,1798.3,1798.645,482,681.6
1643338440,1798.68,1798.68,1797.6,1798.53,420,667.15
1643338500,1798.57,1798.64,1798.2,1798.57,506,644.75
1643338560,1798.62,1798.84,1797.7,1798.714,682,633.85
1643338620,1798.635,1798.8,1797.5,1798.38,737,640.95
1643338680,1798.43,1798.58,1797.6,1798.44,466,630.7
1643338740,1798.58,1798.66,1798.1,1798.62,473,628.45
1643338800,1798.52,1798.85,1797.7,1798.56,621,616.4
1643338860,1798.56,1798.59,1797.5,1798.58,344,582.75
1643338920,1798.58,1798.67,1797.6,1798.59,539,569.7
1643338980,1798.63,1798.66,1798.2,1798.54,435,563.85
1643339040,1798.54,1798.7,1797.7,1798.65,605,571.1
1643339100,1798.7,1798.71,1797.6,1798.71,626,566.5
1643339160,1798.608,1798.91,1797.7,1798.91,661,562.45
1643339220,1798.9,1798.98,1797.8,1798.78,388,558.05
1643339280,1798.64,1798.78,1797.7,1798.77,440,549.35
1643339340,1798.77,1798.96,1797.8,1798.95,533,541.7
1643339400,1798.924,1799.1,1798,1799.06,445,520.2
1643339460,1799.01,1799.24,1798.1,1799.14,670,523.15
1643339520,1799.03,1799.17,1798.1,1798.898,482,527.75
1643339580,1799.05,1799.24,1798.2,1799.12,568,532.05
1643339640,1799.078,1799.26,1798.8,1799.18,523,537.2
1643339700,1799.18,1799.31,1798.8,1799.31,394,531.6
1643339760,1799.27,1799.34,1798.8,1798.8,532,524.1
1643339820,1799.04,1799.29,1798,1798.9,543,514.4
1643339880,1798.85,1798.98,1797.4,1798.578,635,522.85
1643339940,1798.645,1798.78,1797.3,1798.75,607,529.55
1643340000,1798.78,1798.95,1797.5,1798.81,572,527.1
1643340060,1798.81,1799.18,1797.7,1798.88,619,540.85
1643340120,1798.86,1799.11,1797.5,1798.7,630,545.4
1643340180,1799.07,1799.15,1797.8,1799.1,489,548.1
1643340240,1799.15,1799.32,1798,1798.9,467,541.2
1643340300,1799.303,1799.33,1797.9,1799.13,556,537.7
1643340360,1799,1799.35,1798,1799.18,594,534.35
1643340420,1798.8,1799.33,1797.9,1799.1,827,556.3
1643340480,1799.063,1799.28,1797.8,1799.21,651,566.85
1643340540,1799.158,1799.41,1798.1,1799.4,661,573.25
1643340600,1799.285,1799.4,1797.9,1799.18,492,575.6
1643340660,1799.21,1799.23,1797.6,1798.93,620,573.1
1643340720,1798.91,1799.1,1797.6,1799.06,631,580.55
1643340780,1798.988,1799.16,1797.7,1799.05,736,588.95
1643340840,1799.05,1799.14,1797.8,1799.07,587,592.15
1643340900,1799.07,1799.07,1797.6,1798.758,523,598.6
1643340960,1798.84,1798.88,1797.3,1798.63,584,601.2
1643341020,1798.49,1798.795,1797.3,1798.64,742,611.15
1643341080,1798.64,1798.754,1797.4,1798.64,375,598.15
1643341140,1798.66,1798.86,1797.5,1798.85,557,595.65
1643341200,1798.85,1798.96,1797.6,1798.96,385,586.3
1643341260,1798.6,1798.96,1797.4,1798.63,650,587.85
1643341320,1798.76,1798.78,1797.3,1798.535,752,593.95
1643341380,1798.2,1798.67,1797.4,1798.6,491,594.05
1643341440,1798.2,1798.73,1798.2,1798.65,480,594.7
1643341500,1798.52,1798.89,1797.5,1798.89,354,584.6
1643341560,1798.5,1798.92,1797.6,1798.91,184,564.1
1643341620,1798.828,1799.01,1797.7,1799,351,540.3
1643341680,1798.858,1799,1798.6,1798.91,248,520.15
1643341740,1798.6,1798.99,1797.6,1798.7,483,511.25
1643341800,1798.804,1799.04,1797.5,1798.99,360,504.65
1643341860,1798.88,1799.09,1797.7,1799,420,494.65
1643341920,1798.97,1799.2,1797.9,1799,503,488.25
1643341980,1798.87,1799.224,1797.8,1799.175,421,472.5
1643342040,1799.12,1799.3,1798,1799.22,500,468.15
1643342100,1799.178,1799.29,1797.9,1798.8,355,459.75
1643342160,1799.06,1799.33,1798.8,1799.164,386,449.85
1643342220,1799.17,1799.23,1798.7,1798.8,474,436.45
1643342280,1799.01,1799.29,1797.8,1799.21,502,442.8
1643342340,1799.21,1799.21,1797.8,1799.1,468,438.35
1643342400,1799,1799.16,1797.8,1799.04,480,443.1
1643342460,1799.03,1799.26,1797.9,1799.22,495,435.35
1643342520,1799.22,1799.4,1798,1799.11,459,420.7
1643342580,1799.24,1799.25,1798.9,1799.24,143,403.3
1643342640,1798.9,1799.24,1797.9,1799.09,468,402.7
1643342700,1799.14,1799.19,1797.8,1798.98,356,402.8
1643342760,1798.928,1799.06,1797.7,1798.84,314,409.3
1643342820,1798.97,1799.07,1797.6,1799.07,361,409.8
1643342880,1798.968,1799.25,1797.9,1799.21,340,414.4
1643342940,1799.23,1799.25,1798.1,1799.045,292,404.85
1643343000,1798.955,1799.05,1798,1798.96,274,400.55
1643343060,1798.96,1799,1797.9,1798.84,270,393.05
1643343120,1798.788,1798.84,1797.7,1798.63,441,389.95
1643343180,1798.638,1798.69,1797.6,1798.51,387,388.25
1643343240,1798.495,1798.79,1797.7,1798.72,469,386.7
1643343300,1798.57,1798.78,1798.3,1798.628,320,384.95
1643343360,1798.65,1798.72,1797.5,1798.39,408,386.05
1643343420,1798,1798.53,1798,1798.45,321,378.4
1643343480,1798.45,1798.71,1798,1798.71,716,389.1
1643343540,1798.675,1798.71,1797.3,1798.58,351,383.25
1643343600,1798.58,1798.71,1797.5,1798.69,442,381.35
1643343660,1798.55,1798.71,1798.3,1798.568,462,379.7
1643343720,1798.568,1798.68,1797.4,1798.57,363,374.9
1643343780,1798.59,1798.66,1798.1,1798.51,350,385.25
1643343840,1798.475,1798.51,1797.1,1798.41,343,379
1643343900,1798.358,1798.415,1797.2,1798.07,568,389.6
1643343960,1798.07,1798.36,1797.1,1798.35,557,401.75
1643344020,1798.344,1798.52,1797.5,1798.45,471,407.25
1643344080,1798.29,1798.45,1797.4,1798.34,400,410.25
1643344140,1798.285,1798.51,1797.5,1798.368,335,412.4
1643344200,1798.41,1798.59,1798.1,1798.41,496,423.5
1643344260,1798.35,1798.53,1798,1798.33,517,435.85
1643344320,1798.294,1798.45,1797.4,1798.21,548,441.2
1643344380,1798.13,1798.25,1797.2,1798.16,766,460.15
1643344440,1798.16,1798.3,1797.7,1797.9,616,467.5
1643344500,1798.07,1798.215,1797,1797.6,464,474.7
1643344560,1798.02,1798.02,1796.9,1797.84,519,480.25
1643344620,1797.71,1798.25,1797.3,1798.22,733,500.85
1643344680,1798.25,1798.43,1797.2,1798.39,394,484.75
1643344740,1798.379,1798.57,1797.3,1798.1,441,489.25
1643344800,1798.328,1798.54,1798.1,1798.34,505,492.4
1643344860,1798.48,1798.59,1797.2,1798.57,441,491.35
1643344920,1798.553,1798.6,1797.3,1798.478,360,491.2
1643344980,1798.59,1798.59,1798.1,1798.398,427,495.05
1643345040,1798.34,1798.85,1798.1,1798.4,406,498.2
1643345100,1798.82,1798.93,1797.6,1798.91,648,502.2
1643345160,1798.93,1798.95,1798.5,1798.89,374,493.05
1643345220,1798.87,1798.89,1797.5,1798.69,382,488.6
1643345280,1798.558,1798.71,1797.4,1798.3,323,484.75
1643345340,1798.52,1798.69,1797.3,1798.55,433,489.65
1643345400,1798.43,1798.64,1797.4,1798.59,482,488.95
1643345460,1798.494,1798.59,1797.1,1798.31,318,479
1643345520,1798.22,1798.37,1797.2,1798.335,328,468
1643345580,1798.34,1798.34,1796.9,1798.075,459,452.65
1643345640,1798.09,1798.15,1797.7,1797.7,247,434.2
1643345700,1797.93,1798.16,1797.6,1798.019,502,436.1
1643345760,1798.029,1798.24,1796.8,1798.21,562,438.25
1643345820,1798.08,1798.4,1797.1,1798.34,602,431.7
1643345880,1798.34,1798.54,1797.2,1798.2,440,434
1643345940,1798.504,1798.69,1797.3,1797.3,373,430.6
1643346000,1798.468,1798.65,1798.2,1798.61,562,433.45
1643346060,1798.574,1798.574,1797,1797.91,514,437.1
1643346120,1797.923,1798.14,1797.1,1798.02,366,437.4
1643346180,1797.9,1798.16,1797.2,1798.12,440,438.05
1643346240,1798.02,1798.12,1797.1,1797.83,384,436.95
1643346300,1797.735,1797.855,1796.8,1797.81,482,428.65
1643346360,1797.81,1797.83,1796.4,1797.588,619,440.9
1643346420,1797.64,1797.645,1796.2,1797.544,730,458.3
1643346480,1797.54,1797.63,1796.3,1797.53,487,466.5
1643346540,1797.53,1797.57,1796.2,1796.2,679,478.8
1643346600,1797.445,1797.6,1796.3,1797,686,489
1643346660,1797.42,1797.5,1796.2,1797.364,798,513
1643346720,1797.4,1797.78,1796.1,1797.78,669,530.05
1643346780,1796.5,1797.75,1796.3,1797.58,483,531.25
1643346840,1797.54,1797.95,1796.4,1797.94,716,554.7
1643346900,1797.82,1798.25,1796.8,1798.23,759,567.55
1643346960,1798.23,1798.25,1796.9,1798.03,480,563.45
1643347020,1797.98,1798.29,1796.8,1798.128,574,562.05
1643347080,1798.108,1798.68,1797,1798.67,735,576.8
1643347140,1798.53,1798.74,1797.3,1798.69,674,591.85
1643347200,1798.69,1798.69,1797.1,1798.148,741,600.8
1643347260,1798.181,1798.34,1797.9,1798.33,423,596.25
1643347320,1798.25,1798.36,1797.8,1798.35,496,602.75
1643347380,1798.33,1798.44,1797.1,1798.22,391,600.3
1643347440,1798.238,1798.38,1797.8,1798.148,500,606.1
1643347500,1798.12,1798.27,1797,1798.064,650,614.5
1643347560,1797.97,1798.33,1796.8,1798.33,548,610.95
1643347620,1798.18,1798.37,1797.3,1798.199,623,605.6
1643347680,1798.185,1798.54,1797.5,1798.51,554,608.95
1643347740,1798.378,1798.7,1798,1798.3,542,602.1
1643347800,1798.64,1798.85,1797.2,1798,1510,643.3
1643347860,1798.36,1798.56,1797.1,1798.35,896,648.2
1643347920,1798.31,1798.35,1797.1,1798.3,498,639.65
1643347980,1798.3,1798.67,1797.3,1798.53,760,653.5
1643348040,1798.46,1798.76,1797.5,1798.475,920,663.7
1643348100,1798.58,1798.62,1797.4,1798.1,871,669.3
1643348160,1798.283,1798.31,1797,1797.61,815,686.05
1643348220,1797.59,1797.75,1796.2,1797.51,965,705.6
1643348280,1797.544,1797.8,1796.3,1797.76,631,700.4
1643348340,1797.76,1798.04,1796.5,1797.33,1685,750.95
1643348400,1797.2,1797.46,1796.1,1797.18,1616,794.7
1643348460,1797.18,1797.58,1796.2,1797.49,808,813.95
1643348520,1797.49,1797.5,1797,1797.43,624,820.35
1643348580,1797.3,1797.75,1796.3,1797.58,697,835.65
1643348640,1797.44,1797.79,1796.4,1797.64,584,839.85
1643348700,1797.638,1797.88,1796.5,1797.77,529,833.8
1643348760,1797.735,1797.97,1796.6,1797.76,772,845
1643348820,1797.9,1798.06,1796.7,1798.06,595,843.6
1643348880,1798.024,1798.06,1796.6,1797.86,583,845.05
1643348940,1797.85,1797.96,1797.4,1797.83,530,844.45
1643349000,1797.69,1798.15,1796.5,1798.08,735,805.7
1643349060,1798.08,1798.31,1797,1797.908,864,804.1
1643349120,1798.04,1798.16,1796.9,1797.72,685,813.45
1643349180,1797.815,1798.09,1796.7,1797.86,554,803.15
1643349240,1797.72,1797.87,1796.5,1797.62,482,781.25
1643349300,1797.63,1798.14,1796.7,1797.94,790,777.2
1643349360,1797.95,1798.06,1796.5,1797.62,818,777.35
1643349420,1797.49,1797.71,1796.4,1797.629,740,766.1
1643349480,1797.61,1797.71,1796.5,1797.3,840,776.55
1643349540,1797.55,1797.84,1796.3,1797.42,1008,742.7
1643349600,1797.46,1797.65,1796.1,1797.478,1040,713.9
1643349660,1797.61,1797.9,1796.4,1797.52,1054,726.2
1643349720,1797.483,1797.966,1796.3,1797.9,1006,745.3
1643349780,1797.94,1798.06,1796.5,1797.87,815,751.2
1643349840,1797.995,1798.255,1796.6,1798.01,637,753.85
1643349900,1798.11,1798.52,1796.9,1798.46,923,773.55
1643349960,1798.379,1798.5,1797.8,1798.11,781,774
1643350020,1798.008,1798.2,1796.5,1797.579,1068,797.65
1643350080,1797.52,1798.03,1796.4,1797.94,741,805.55
1643350140,1797.6,1798.53,1797.2,1798.44,983,828.2
1643350200,1798.42,1798.7,1797.1,1798.418,1137,848.3
1643350260,1798.398,1798.6,1797.1,1797.81,1234,866.8
1643350320,1797.8,1798.2,1796.9,1798.14,869,876
1643350380,1798.14,1798.29,1797,1797.92,978,897.2
1643350440,1797.99,1798.42,1796.8,1798.05,1332,939.7
1643350500,1798.06,1798.13,1797,1797.71,1050,952.7
1643350560,1797.71,1798.01,1796.7,1797.479,772,950.4
1643350620,1797.52,1797.83,1796.4,1797.62,714,949.1
1643350680,1797.528,1798.02,1796.3,1797.538,985,956.35
1643350740,1797.54,1798.03,1796.7,1797.91,591,935.5
1643350800,1797.91,1798.01,1796.6,1797.435,680,917.5
1643350860,1797.455,1797.92,1796.3,1797.67,749,902.25
1643350920,1797.66,1798,1796.7,1797.89,631,883.5
1643350980,1797.804,1797.97,1796.6,1797.9,754,880.45
1643351040,1797.91,1797.99,1797.5,1797.875,622,879.7
1643351100,1797.795,1797.97,1797.3,1797.4,805,873.8
1643351160,1797.61,1798.03,1796.5,1797.56,754,872.45
1643351220,1797.64,1797.7,1796.3,1797.27,673,852.7
1643351280,1797.11,1797.59,1796.1,1797.44,723,851.8
1643351340,1797.44,1797.46,1796,1797.194,816,843.45
1643351400,1797.21,1797.45,1795.9,1796.95,880,830.6
1643351460,1796.83,1797.03,1795.7,1796.92,727,805.25
1643351520,1796.836,1797.34,1795.9,1797.19,824,803
1643351580,1796.9,1797.59,1796.2,1797.42,740,791.1
1643351640,1797.1,1797.88,1796.7,1797.63,859,767.45
1643351700,1797.63,1797.74,1796.4,1797.506,1011,765.5
1643351760,1797.63,1797.64,1796.2,1797.466,880,770.9
1643351820,1797.438,1797.61,1797,1797.56,684,769.4
1643351880,1797.448,1798.01,1796.6,1798.01,1033,771.8
1643351940,1797.908,1798.01,1796.9,1797.87,874,785.95
1643352000,1797.87,1797.89,1796.7,1797.49,783,791.1
1643352060,1797.36,1797.65,1796.5,1797.455,786,792.95
1643352120,1797.49,1797.9,1796.6,1797.71,654,794.1
1643352180,1797.735,1797.99,1797.5,1797.88,508,781.8
1643352240,1797.87,1797.91,1796.5,1797.83,839,792.65
1643352300,1797.84,1797.87,1797.1,1797.5,756,790.2
1643352360,1797.5,1797.6,1796.4,1797.445,947,799.85
1643352420,1797.33,1797.7,1797.1,1797.67,824,807.4
1643352480,1797.66,1797.69,1795.8,1796.864,1053,823.9
1643352540,1796.788,1797.47,1795.7,1797.39,951,830.65
1643352600,1797.295,1797.56,1796.7,1797.12,907,832
1643352660,1796.98,1797.2,1795.9,1797,947,843
1643352720,1796.88,1797.29,1796.1,1797.21,737,838.65
1643352780,1797.21,1797.51,1796,1797.41,674,835.35
1643352840,1797.345,1797.6,1797.1,1797.5,569,820.85
1643352900,1797.464,1797.81,1796.8,1797.684,770,808.8
1643352960,1797.72,1797.98,1796.6,1797.544,760,802.8
1643353020,1797.2,1797.69,1796.3,1797.58,794,808.3
1643353080,1797.43,1797.6,1796.2,1797.2,735,793.4
1643353140,1797.254,1797.43,1796,1797.23,1417,820.55
1643353200,1797.088,1797.21,1796.2,1796.418,1222,842.5
1643353260,1796.51,1796.61,1794.9,1795.81,1253,865.85
1643353320,1795.79,1796.52,1794.6,1796.45,1160,891.15
1643353380,1796.508,1796.8,1795.2,1796.34,1381,934.8
1643353440,1796.58,1796.67,1795.2,1796.61,1281,956.9
1643353500,1796.61,1797.02,1795.4,1796.954,1217,979.95
1643353560,1796.868,1797.68,1796,1797.47,1043,984.75
1643353620,1797.42,1797.69,1796.4,1797.22,828,984.95
1643353680,1797.17,1797.69,1796.1,1796.958,855,975.05
1643353740,1797.08,1797.15,1795.6,1796,992,977.1
1643353800,1796.39,1796.89,1795.3,1796.7,1080,985.75
1643353860,1796.695,1796.84,1795.2,1796.31,1135,995.15
1643353920,1796.35,1796.6,1795.1,1796.39,1117,1014.15
1643353980,1796.28,1796.72,1795.4,1796.58,845,1022.7
1643354040,1796.58,1796.884,1795.5,1796.636,985,1043.5
1643354100,1796.655,1796.8,1795.3,1796.51,733,1041.65
1643354160,1796.486,1796.68,1795.2,1796.563,1045,1055.9
1643354220,1796.6,1797.42,1795.3,1797.23,1152,1073.8
1643354280,1797.26,1797.35,1795.8,1796.7,995,1086.8
1643354340,1797.06,1797.11,1795.7,1796.73,781,1055
1643354400,1796.73,1796.834,1794.9,1796.38,1139,1050.85
1643354460,1796.32,1796.435,1795.3,1796.4,984,1037.4
1643354520,1796.27,1796.74,1795.1,1796.37,1202,1039.5
1643354580,1796.37,1796.41,1794.7,1795.918,1180,1029.45
1643354640,1795.94,1796.59,1794.6,1796.32,1089,1019.85
1643354700,1796.18,1796.52,1794.8,1796.05,1157,1016.85
1643354760,1796.148,1796.58,1794.9,1796.31,1205,1024.95
1643354820,1796.31,1796.888,1795.5,1796.8,938,1030.45
1643354880,1796.8,1796.855,1795.4,1796.38,757,1025.55
1643354940,1796.279,1796.713,1795.2,1796.4,901,1021
1643355000,1796.548,1796.91,1796.2,1796.8,1256,1029.8
1643355060,1796.4,1796.87,1795.3,1796.63,1113,1028.7
1643355120,1796.2,1797.18,1795.5,1796.99,1107,1028.2
1643355180,1797.114,1797.17,1795.5,1796.488,1033,1037.6
1643355240,1796.58,1796.81,1796.2,1796.4,777,1027.2
1643355300,1796.67,1797.09,1795.9,1796.9,1059,1043.5
1643355360,1796.86,1797.44,1796,1797,902,1036.35
1643355420,1797.25,1797.56,1795.8,1797.024,927,1025.1
1643355480,1796.938,1797.08,1795.4,1796.66,872,1018.95
1643355540,1796.69,1796.81,1795,1796.2,1051,1032.45
1643355600,1796.07,1796.4,1794.9,1796.37,771,1014.05
1643355660,1796.355,1796.98,1795.3,1796.82,812,1005.45
1643355720,1796.63,1797.33,1796,1797.19,864,988.55
1643355780,1797.19,1797.67,1796.5,1797.528,798,969.45
1643355840,1797.52,1797.79,1796.7,1797.55,824,956.2
1643355900,1797.3,1797.74,1795.8,1796.94,1267,961.7
1643355960,1796.81,1797.14,1795.7,1796.67,739,938.4
1643356020,1796.53,1796.79,1795.8,1796.4,606,921.8
1643356080,1796.665,1796.74,1795.6,1796.305,860,926.95
1643356140,1796.46,1796.62,1795.5,1796.2,721,917.95
1643356200,1796.404,1796.45,1795.4,1796.13,952,902.75
1643356260,1796.138,1796.44,1795.7,1796.295,832,888.7
1643356320,1796.16,1796.31,1794.8,1795.87,697,868.2
1643356380,1795.87,1796.17,1794.7,1795.718,1114,872.25
1643356440,1795.823,1796.19,1794.6,1796.13,823,874.55
1643356500,1796.13,1796.28,1794.8,1795.4,1294,886.3
1643356560,1795.81,1796.18,1794.7,1796.05,736,878
1643356620,1796.04,1796.19,1794.7,1795.5,870,875.15
1643356680,1795.78,1796.26,1794.7,1796.08,957,879.4
1643356740,1796.168,1796.26,1794.6,1795.92,1273,890.5
1643356800,1795.928,1795.933,1793.8,1794.87,2515,977.7
1643356860,1794.86,1795.51,1794,1794.83,1733,1023.75
1643356920,1794.96,1795.41,1793.8,1794.845,1880,1074.55
1643356980,1794.74,1794.96,1793.5,1794.68,1766,1122.95
1643357040,1794.53,1794.68,1792.6,1793.778,1760,1169.75
1643357100,1793.819,1794.49,1793.1,1794.19,1665,1189.65
1643357160,1794.212,1794.55,1792.7,1793.814,1210,1213.2
1643357220,1793.864,1794.02,1792.6,1793.93,1217,1243.75
1643357280,1793.75,1794.67,1792.9,1794.2,1499,1275.7
1643357340,1794.41,1794.87,1793.2,1794.71,1416,1310.45
1643357400,1794.71,1794.88,1793.5,1794.56,1311,1328.4
1643357460,1794.56,1794.98,1794.2,1794.57,1219,1347.75
1643357520,1794.41,1794.54,1793.1,1794.15,1107,1368.25
1643357580,1794.086,1794.2,1793.5,1794.02,1194,1372.25
1643357640,1794.035,1794.05,1792.8,1793.618,1175,1389.85
1643357700,1793.68,1794.14,1792.6,1793.82,1352,1392.75
1643357760,1793.64,1794.11,1792.3,1794.1,1327,1422.3
1643357820,1793.93,1794.22,1792.7,1794,1169,1437.25
1643357880,1793.84,1794,1792.5,1793.64,1233,1451.05
1643357940,1793.5,1794.01,1792.4,1793.52,1414,1458.1
1643358000,1793.408,1794.34,1792.9,1794.27,1535,1409.1
1643358060,1794.28,1794.32,1792.7,1793.968,1593,1402.1
1643358120,1794.03,1794.07,1792.5,1793.48,1415,1378.85
1643358180,1793.458,1794.28,1792.4,1794.25,1301,1355.6
1643358240,1794.25,1794.31,1792.8,1794.28,1085,1321.85
1643358300,1794.28,1794.37,1792.5,1793.424,1284,1302.8
1643358360,1793.46,1793.55,1792.2,1793.14,1647,1324.65
1643358420,1793.05,1793.94,1791.8,1793.52,1573,1342.45
1643358480,1793.4,1793.56,1792,1792.89,1639,1349.45
1643358540,1792.884,1793.47,1791.6,1793,1312,1344.25
1643358600,1793.32,1793.56,1791.5,1792.53,1821,1369.75
1643358660,1792.634,1793.36,1791.8,1793.22,1252,1371.4
1643358720,1793.303,1794.16,1792.6,1793.64,1965,1414.3
1643358780,1793.578,1794.07,1792.9,1792.948,1482,1428.7
1643358840,1793.05,1793.14,1791.6,1792.77,1650,1452.45
1643358900,1792.65,1793.291,1791.4,1792.55,1248,1447.25
1643358960,1792.2,1793.06,1791.5,1792.37,1237,1442.75
1643359020,1792.35,1792.735,1791.3,1792.61,1208,1444.7
1643359080,1792.61,1792.74,1791.2,1792.43,1439,1455
1643359140,1792.43,1792.67,1792,1792.65,1237,1446.15
1643359200,1792.673,1793.055,1791.3,1793.055,1821,1460.45
1643359260,1792.998,1793.49,1791.7,1792.926,1714,1466.5
1643359320,1792.88,1793.12,1792.2,1792.98,1521,1471.8
1643359380,1792.98,1793.55,1791.8,1793.47,1271,1470.3
1643359440,1793.47,1793.58,1791.8,1792.5,1048,1468.45
1643359500,1792.77,1792.87,1791.3,1792.68,1334,1470.95
1643359560,1792.68,1792.95,1791.6,1792.799,1323,1454.75
1643359620,1792.9,1792.92,1791.4,1792.478,1634,1457.8
1643359680,1792.6,1792.88,1791.6,1792.72,1580,1454.85
1643359740,1792.659,1793.05,1791.4,1792.51,1368,1457.65
1643359800,1792.62,1793.04,1791.5,1792.97,1324,1432.8
1643359860,1792.959,1793.47,1792.1,1792.9,1600,1450.2
1643359920,1793.236,1793.44,1792,1793.38,1154,1409.65
1643359980,1793.37,1793.515,1791.9,1793.108,1191,1395.1
1643360040,1793.22,1793.75,1792.1,1793.308,1280,1376.6
1643360100,1793.39,1793.42,1791.9,1792.366,1382,1383.3
1643360160,1792.44,1793.09,1791.2,1792.72,1514,1397.15
1643360220,1792.715,1793.13,1791.8,1792.735,1689,1421.2
1643360280,1792.7,1792.96,1791.6,1792.528,1332,1415.85
1643360340,1792.528,1792.72,1790.8,1792.228,1618,1434.9
1643360400,1792.34,1792.5,1790.9,1792.32,1708,1429.25
1643360460,1792.32,1792.39,1791.4,1792.2,1379,1412.5
1643360520,1792.12,1792.295,1791.2,1791.98,1386,1405.75
1643360580,1791.1,1792.11,1790.9,1791.9,1124,1398.4
1643360640,1791.92,1792.16,1791.1,1791.8,1069,1399.45
1643360700,1792,1792.42,1791.2,1792.31,1376,1401.55
1643360760,1792.3,1792.32,1791.1,1792.06,1295,1400.15
1643360820,1792.11,1792.39,1791,1792.18,1314,1384.15
1643360880,1792.02,1792.22,1791.2,1791.85,1257,1368
1643360940,1791.69,1792.047,1790.5,1791.82,1479,1373.55
1643361000,1791.69,1792.02,1790.6,1791.5,961,1355.4
1643361060,1791.715,1791.91,1790.5,1791.82,1365,1343.65
1643361120,1791.67,1791.93,1790.6,1791.445,1129,1342.4
1643361180,1791.4,1791.91,1790.8,1791.62,1397,1352.7
1643361240,1791.2,1791.79,1790.5,1790.995,1304,1353.9
1643361300,1790.88,1791.56,1789.9,1791.21,1454,1357.5
1643361360,1791.06,1791.22,1789.9,1790.61,1432,1353.4
1643361420,1790.61,1790.7,1789.3,1790.18,1602,1349.05
1643361480,1790.18,1790.73,1789.2,1790.335,1142,1339.55
1643361540,1790.36,1790.776,1789.4,1790.66,1041,1310.7
1643361600,1790.66,1790.75,1789.4,1790.61,968,1273.7
1643361660,1790.45,1790.89,1789.3,1790.42,1043,1256.9
1643361720,1790.55,1790.64,1789.6,1790.444,989,1237.05
1643361780,1790.48,1790.845,1790.1,1790.4,948,1228.25
1643361840,1790.824,1791.04,1789.8,1790.95,755,1212.55
1643361900,1790.95,1791.09,1789.9,1790.804,851,1186.3
1643361960,1790.65,1791.179,1790,1791.16,754,1159.25
1643362020,1791.02,1791.203,1789.8,1790.96,738,1130.45
1643362080,1790.82,1791.195,1789.3,1791.07,1270,1131.1
1643362140,1790.95,1791.2,1789.7,1791.08,992,1106.75
1643362200,1791.084,1791.6,1789.8,1791.418,1391,1128.25
1643362260,1791.38,1791.62,1790.2,1791.464,1126,1116.3
1643362320,1791.52,1792.24,1790.4,1792.22,1493,1134.5
1643362380,1792.08,1792.85,1790.8,1792.64,1715,1150.4
1643362440,1792.599,1792.82,1791.3,1792.42,1237,1147.05
1643362500,1792.384,1792.46,1791.1,1792.1,1008,1124.75
1643362560,1792.33,1792.67,1791.2,1792.66,897,1098
1643362620,1792.65,1792.96,1791.4,1792.755,1170,1076.4
1643362680,1792.68,1792.82,1791.6,1792.43,989,1068.75
1643362740,1792.298,1792.45,1791.1,1792.308,819,1057.65
1643362800,1792.379,1792.5,1791.2,1791.9,1051,1061.8
1643362860,1792.27,1792.52,1791,1792.42,713,1045.3
1643362920,1792.42,1792.47,1791.1,1792.28,932,1042.45
1643362980,1792.13,1792.45,1791.8,1792.09,691,1029.6
1643363040,1792.132,1792.43,1791.7,1792.17,1234,1053.55
1643363100,1792.082,1792.67,1791.4,1792.48,1140,1068
1643363160,1792.464,1792.65,1792.1,1792.47,900,1075.3
1643363220,1792.48,1792.5,1791.4,1792.15,1165,1096.65
1643363280,1792.094,1792.24,1790.8,1791.7,876,1076.95
1643363340,1791.94,1792.59,1791.3,1791.9,982,1076.45
1643363400,1792.255,1792.43,1791,1792.359,883,1051.05
1643363460,1792,1792.44,1791.1,1791.91,999,1044.7
1643363520,1792.018,1792.15,1790.8,1792.11,921,1016.1
1643363580,1792.045,1792.12,1790.8,1791.4,768,968.75
1643363640,1791.78,1791.8,1790.7,1791.5,1262,970
1643363700,1791.5,1791.59,1790.4,1791.258,1041,971.65
1643363760,1791.4,1791.81,1790.7,1791.76,1065,980.05
1643363820,1791.688,1791.93,1790.6,1791.9,1096,976.35
1643363880,1791.74,1791.98,1790.7,1791.36,1106,982.2
1643363940,1791.36,1791.45,1790.1,1791.37,1153,998.9
1643364000,1791.37,1791.57,1790.9,1791.47,926,992.65
1643364060,1791.388,1791.58,1790.2,1791.1,809,997.45
1643364120,1791.32,1791.51,1789.8,1791.36,1285,1015.1
1643364180,1791.36,1791.7,1790.1,1791.37,908,1025.95
1643364240,1791.38,1791.47,1790.8,1791.15,1014,1014.95
1643364300,1791.13,1791.32,1789.8,1791.1,1064,1011.15
1643364360,1790.7,1791.1,1789.7,1790.97,706,1001.45
1643364420,1790.82,1791.24,1789.6,1791.19,975,991.95
1643364480,1791.18,1791.29,1790.6,1790.89,917,994
1643364540,1790.89,1791.02,1789.5,1790.6,1039,996.85
1643364600,1790.79,1791.11,1789.5,1790.9,932,999.3
1643364660,1790.9,1791.02,1789.7,1790.85,496,974.15
1643364720,1790.768,1791.13,1789.8,1790.7,794,967.8
1643364780,1790.97,1791.11,1790.5,1790.97,740,966.4
1643364840,1790.6,1791.25,1789.7,1790.98,693,937.95
1643364900,1790.99,1791.1,1789.7,1790.74,890,930.4
1643364960,1790.86,1790.86,1789.6,1790.5,697,912
1643365020,1790.39,1790.54,1789.4,1790.19,799,897.15
1643365080,1790.17,1790.62,1789.2,1790.62,800,881.85
1643365140,1790.558,1790.98,1789.6,1790.76,868,867.6
1643365200,1790.76,1790.77,1789.8,1790.18,807,861.65
1643365260,1790.18,1790.3,1789.2,1790.17,942,868.3
1643365320,1790.08,1790.43,1789.4,1790.05,888,848.45
1643365380,1790.05,1790.22,1789.1,1790.12,925,849.3
1643365440,1790.068,1790.4,1789.3,1790.278,953,846.25
1643365500,1790.32,1790.48,1789.4,1790.4,990,842.55
1643365560,1790.28,1790.42,1789.2,1790.27,1031,858.8
1643365620,1790.16,1790.44,1789.3,1789.9,847,852.4
1643365680,1790.18,1790.335,1789.2,1789.9,839,848.5
1643365740,1790.2,1790.37,1789.3,1790.064,1395,866.3
1643365800,1790.01,1790.24,1788.8,1790.07,962,867.8
1643365860,1789.93,1790.35,1788.7,1790.08,1205,903.25
1643365920,1789.96,1790.15,1788.9,1790.1,1086,917.85
1643365980,1789.96,1790.26,1789,1790.183,1064,934.05
1643366040,1790.184,1790.39,1789.8,1790.17,1031,950.95
1643366100,1790.038,1790.3,1788.9,1789.95,1056,959.25
1643366160,1789.7,1790.1,1788.7,1789.608,894,969.1
1643366220,1789.63,1789.98,1788.4,1789.69,1158,987.05
1643366280,1789.69,1789.75,1788.2,1788.539,1477,1020.9
1643366340,1788.58,1789.624,1787.6,1789.34,1481,1051.55
1643366400,1789.48,1790.15,1788.2,1790.04,1280,1075.2
1643366460,1790.16,1790.26,1789,1790.22,1111,1083.65
1643366520,1790.25,1790.26,1788.7,1789.59,1135,1096
1643366580,1789.2,1789.64,1788.2,1789.22,1162,1107.85
1643366640,1789.21,1789.47,1788,1789.38,492,1084.8
1643366700,1789.348,1789.48,1788.6,1788.998,798,1075.2
1643366760,1788.7,1789.07,1787.5,1788.66,901,1068.7
1643366820,1788.78,1788.85,1787.4,1788.645,897,1071.2
1643366880,1788.58,1789.04,1787.5,1788.88,792,1068.85
1643366940,1788.74,1788.89,1787.3,1788.52,785,1038.35
1643367000,1788.52,1788.6,1787.1,1788.09,894,1034.95
1643367060,1788.04,1788.54,1786.8,1788.168,1090,1029.2
1643367120,1788.28,1788.34,1787.1,1787.43,1098,1029.8
1643367180,1787.346,1787.64,1786.3,1787.59,1286,1040.9
1643367240,1787.499,1787.69,1786.2,1787.21,1201,1049.4
1643367300,1787.27,1787.31,1785.8,1787,1225,1057.85
1643367360,1787,1787.12,1785.6,1786.47,1467,1086.5
1643367420,1786.512,1786.94,1785.2,1786.76,1203,1088.75
1643367480,1786.76,1787.55,1785.6,1787.1,1232,1076.5
1643367540,1787.388,1787.69,1786.2,1787.16,1089,1056.9
1643367600,1787.04,1787.47,1786,1787.339,1068,1046.3
1643367660,1787.37,1787.53,1786.3,1787.11,1010,1041.25
1643367720,1787.11,1787.21,1785.9,1786.9,863,1027.65
1643367780,1786.91,1786.92,1785,1786.03,1748,1056.95
1643367840,1786.03,1786.07,1784.7,1785.99,968,1080.75
1643367900,1785.99,1786.088,1784.6,1785.724,1246,1103.15
1643367960,1785.78,1786.03,1784.5,1785.65,1169,1116.55
1643368020,1785.79,1785.95,1784.4,1785.264,1326,1138
1643368080,1785.31,1785.5,1782.2,1783.158,3362,1266.5
1643368140,1783.208,1783.4,1781.8,1782.192,3033,1378.9
1643368200,1782.19,1783.12,1781.2,1782.31,2476,1458
1643368260,1782.38,1782.935,1781.1,1781.96,1986,1502.8
1643368320,1781.96,1782.04,1780.6,1781.098,2182,1557
1643368380,1781.128,1781.72,1780.4,1781.26,2059,1595.65
1643368440,1781.24,1782.5,1780.1,1780.39,1734,1622.3
1643368500,1780.1,1781.11,1779.6,1780.52,1971,1659.6
1643368560,1780.436,1781.37,1779.6,1781.038,1880,1680.25
1643368620,1780.97,1781.69,1779.7,1780.83,1721,1706.15
1643368680,1780.82,1781.24,1779.3,1781.21,1704,1729.75
1643368740,1781.22,1781.66,1780,1781.62,1343,1742.45
1643368800,1781.64,1782.31,1780.7,1782.25,1774,1777.75
1643368860,1782.25,1782.74,1781.3,1782.28,1535,1804
1643368920,1782.198,1782.46,1780.9,1782.368,1361,1828.9
1643368980,1782.4,1782.59,1781.1,1782.368,1084,1795.7
1643369040,1782.5,1782.71,1781.1,1782.65,988,1796.7
1643369100,1782.53,1783.228,1782,1783.01,1558,1812.3
1643369160,1782.964,1783.13,1782.4,1783.09,1172,1812.45
1643369220,1783.09,1783.71,1782.3,1783.49,1305,1811.4
1643369280,1783.386,1783.8,1782.4,1783.43,1453,1715.95
1643369340,1783.56,1783.99,1782.3,1783.92,1195,1624.05
1643369400,1783.86,1783.86,1782,1783.15,1552,1577.85
1643369460,1783.068,1783.35,1781.8,1782.668,1530,1555.05
1643369520,1782.659,1783.21,1782.3,1782.96,1100,1500.95
1643369580,1782.818,1783.71,1782.1,1783.69,1341,1465.05
1643369640,1783.69,1783.86,1782.6,1783.488,1056,1431.15
1643369700,1783.55,1783.55,1782.3,1783.35,1161,1390.65
1643369760,1783.2,1783.66,1782.3,1783.29,867,1340
1643369820,1783.345,1783.345,1782.1,1783.08,734,1290.65
1643369880,1783.08,1784.14,1782.7,1783.4,1287,1269.8
1643369940,1783.59,1783.95,1782.5,1783.94,1137,1259.5
1643370000,1783.915,1784.29,1782.8,1784.12,1452,1243.4
1643370060,1783.97,1784.37,1782.9,1784.165,1379,1235.6
1643370120,1784.11,1784.79,1783.3,1784.68,1205,1227.8
1643370180,1784.578,1784.79,1783.7,1784.168,1229,1235.05
1643370240,1784.24,1784.44,1783.1,1784.255,1001,1235.7
1643370300,1784.18,1784.744,1783.6,1784.548,1155,1215.55
1643370360,1784.44,1784.62,1783.8,1784.22,739,1193.9
1643370420,1784.28,1784.56,1783.9,1784.33,884,1172.85
1643370480,1784.32,1784.65,1783.3,1784.54,876,1144
1643370540,1784.2,1785.1,1783.5,1784.5,1223,1145.4
1643370600,1784.71,1785.13,1784.1,1785.038,1291,1132.35
1643370660,1784.98,1786.02,1784.6,1785.74,1549,1133.3
1643370720,1785.3,1785.75,1784.1,1785.53,1049,1130.75
1643370780,1785.428,1785.98,1784.4,1785.818,1087,1118.05
1643370840,1785.6,1786.04,1784.7,1785.27,1242,1127.35
1643370900,1785.43,1785.74,1784.4,1785.09,1055,1122.05
1643370960,1785.23,1785.68,1784.2,1785.68,930,1125.2
1643371020,1785.67,1785.82,1784.8,1785.4,871,1132.05
1643371080,1785.74,1785.775,1784.6,1785.46,1089,1122.15
1643371140,1785.526,1785.77,1785.1,1785.62,1234,1127
1643371200,1785.48,1786.09,1784.5,1785.94,1674,1138.1
1643371260,1785.859,1785.98,1784.3,1785,1560,1147.15
1643371320,1785.37,1785.62,1783.9,1785.592,1499,1161.85
1643371380,1785.62,1785.69,1784.2,1785.568,970,1148.9
1643371440,1785.632,1786.74,1785.1,1786.1,1441,1170.9
1643371500,1786.33,1786.93,1785.2,1786.815,1154,1170.85
1643371560,1786.85,1786.87,1785.1,1786.03,1248,1196.3
1643371620,1786.17,1786.31,1784.9,1785.85,1042,1204.2
1643371680,1785.71,1786.28,1784.7,1785.775,1549,1237.85
1643371740,1785.9,1786.37,1785,1786.13,891,1221.25
1643371800,1786.01,1786.87,1785.2,1786.83,1170,1215.2
1643371860,1786.87,1787.15,1785.8,1786.94,998,1187.65
1643371920,1787.014,1787.18,1785.1,1786.228,1450,1207.7
1643371980,1786.304,1787.45,1785.8,1787.208,1468,1226.75
1643372040,1787.29,1787.94,1786,1787.79,1290,1229.15
1643372100,1787.739,1787.88,1786.4,1787.45,1507,1251.75
1643372160,1787.3,1787.94,1786.2,1787.77,1160,1263.25
1643372220,1787.668,1788.3,1786.7,1788.04,1426,1291
1643372280,1788.04,1788.07,1786.9,1787.71,1068,1289.95
1643372340,1787.71,1787.86,1786.5,1787.46,922,1274.35
1643372400,1787.31,1787.65,1786.3,1787.298,952,1238.25
1643372460,1787.29,1787.99,1786.2,1787.41,1595,1240
1643372520,1787.55,1788.05,1786.7,1787.71,1579,1244
1643372580,1787.5,1788.03,1786.6,1787.89,1221,1256.55
1643372640,1787.88,1788.29,1786.8,1787.92,1333,1251.15
1643372700,1787.934,1788.08,1786.6,1787.578,1419,1264.4
1643372760,1787.69,1788.4,1786.8,1788.36,1616,1282.8
1643372820,1788,1788.7,1787.1,1787.855,1136,1287.5
1643372880,1787.795,1788.39,1787,1788.11,1258,1272.95
1643372940,1788.11,1788.44,1786.8,1788.38,1167,1286.75
1643373000,1788.25,1790,1787.4,1789.94,1829,1319.7
1643373060,1789.77,1790.44,1788.6,1790.24,1875,1363.55
1643373120,1790.31,1790.63,1789.8,1790.31,1481,1365.1
1643373180,1790.45,1790.49,1788.7,1789.719,1064,1344.9
1643373240,1789.68,1790.08,1788.6,1789.41,1137,1337.25
1643373300,1789.44,1790.33,1788.5,1790.06,1226,1323.2
1643373360,1790.06,1790.1,1788.5,1789.67,1261,1328.25
1643373420,1789.86,1790.38,1788.2,1790.1,1476,1330.75
1643373480,1790.186,1790.34,1788.9,1789.96,901,1322.4
1643373540,1790.024,1790.29,1788.4,1789.2,943,1323.45
1643373600,1789.25,1790,1788.8,1789.806,1300,1340.85
1643373660,1789.87,1789.96,1788.5,1789.33,1132,1317.7
1643373720,1789.52,1789.54,1788,1788.4,1088,1293.15
1643373780,1788.61,1789.06,1787.7,1788.22,1219,1293.05
1643373840,1788.118,1788.77,1787.1,1788.479,1584,1305.6
1643373900,1788.41,1788.95,1787.4,1788.5,1086,1288.95
1643373960,1788.8,1788.98,1787.4,1788.5,1127,1264.5
1643374020,1788.583,1788.65,1786.7,1787.8,1397,1277.55
1643374080,1787.779,1788.66,1787.1,1787.94,1420,1285.65
1643374140,1787.77,1787.93,1786.6,1787.36,1329,1293.75
1643374200,1787.323,1787.43,1786.2,1787.175,1311,1267.85
1643374260,1787.24,1787.42,1786,1786.89,1061,1227.15
1643374320,1786.76,1786.89,1784.9,1785.7,1503,1228.25
1643374380,1785.928,1786.15,1784.6,1785.38,1578,1253.95
1643374440,1785.466,1785.744,1784.2,1785.61,1515,1272.85
1643374500,1785.608,1785.81,1784.5,1785.7,1645,1293.8
1643374560,1785.67,1786.13,1784.6,1785.62,1444,1302.95
1643374620,1785.555,1785.971,1784.8,1785.707,1206,1289.45
1643374680,1785.755,1786.06,1785,1785.69,1312,1310
1643374740,1785.84,1785.97,1784.8,1785.88,1064,1316.05
1643374800,1785.75,1786.29,1784.4,1785.07,1902,1346.15
1643374860,1784.9,1785.14,1783.6,1784.8,1604,1369.75
1643374920,1784.719,1785.96,1784.3,1785.91,1746,1402.65
1643374980,1785.5,1786.24,1784.5,1785.51,1659,1424.65
1643375040,1785.52,1785.74,1784.1,1784.77,2074,1449.15
1643375100,1784.772,1785.53,1784.3,1785.36,1752,1482.45
1643375160,1785.28,1785.71,1784.1,1785.198,2227,1537.45
1643375220,1785.236,1786.08,1784.4,1785.88,1699,1552.55
1643375280,1785.98,1786.11,1784.7,1785.61,1835,1573.3
1643375340,1785.56,1787.64,1785,1787.428,2441,1628.9
1643375400,1787.56,1789.03,1787.1,1788.6,2620,1694.35
1643375460,1788.59,1789.19,1787.6,1789.086,2054,1744
1643375520,1789.2,1789.74,1788.4,1789.1,2713,1804.5
1643375580,1789.42,1790.17,1788.6,1790.03,2024,1826.8
1643375640,1789.91,1790.74,1789.3,1790.388,2190,1860.55
1643375700,1790.426,1792.23,1789.6,1791.6,2955,1926.05
1643375760,1791.922,1792.61,1790.6,1790.966,3079,2007.8
1643375820,1791.06,1791.43,1789.6,1791.288,3153,2105.15
1643375880,1791.4,1791.7,1790.1,1791.19,2428,2160.95
1643375940,1791.05,1791.23,1789.6,1790.79,2296,2222.55
1643376000,1790.79,1791.34,1788.9,1789.466,3344,2294.65
1643376060,1789.58,1789.69,1787.3,1787.49,3437,2386.3
1643376120,1787.385,1787.82,1786.2,1787.098,2950,2446.5
1643376180,1787.108,1787.36,1785.7,1786.6,2220,2474.55
1643376240,1786.6,1787.05,1785.1,1786.26,2258,2483.75
1643376300,1786.25,1786.51,1784.7,1786.35,2412,2516.75
1643376360,1786.31,1786.35,1784.9,1785.6,1834,2497.1
1643376420,1785.96,1786.063,1784.5,1785.999,1544,2489.35
1643376480,1785.92,1786.08,1784.3,1785.3,1230,2459.1
1643376540,1785.61,1785.65,1783.9,1785.32,1340,2404.05
1643376600,1785.34,1788.73,1785.1,1787.88,5461,2546.1
1643376660,1787.95,1789.08,1786.2,1786.715,5073,2697.05
1643376720,1786.68,1787.72,1785.4,1786.5,4301,2776.45
1643376780,1786.56,1787.33,1785.1,1786.99,4206,2885.55
1643376840,1786.99,1786.99,1785,1786.34,3705,2961.3
1643376900,1786.388,1788.724,1784.8,1788.71,4177,3022.4
1643376960,1788.6,1791.08,1788.59,1789.37,4884,3112.65
1643377020,1789.37,1790.59,1787.8,1788.03,4306,3170.3
1643377080,1788.16,1790.2,1787.8,1788.39,3873,3242.55
1643377140,1788.4,1789.16,1787.1,1788.38,3271,3291.3
1643377200,1788.38,1789.88,1787.7,1789.31,3823,3315.25
1643377260,1789.42,1790.16,1787.8,1788.6,3748,3330.8
1643377320,1788.6,1789.455,1786.4,1786.98,4014,3384
1643377380,1786.92,1787.3,1785.6,1786.93,4037,3474.85
1643377440,1786.93,1787.24,1785.6,1786.2,3365,3530.2
1643377500,1786.486,1787.28,1785.4,1786.818,3139,3566.55
1643377560,1786.895,1787.98,1786.3,1787.64,3066,3628.15
1643377620,1787.64,1788.06,1786.6,1786.818,2966,3699.25
1643377680,1786.93,1786.96,1784.3,1785.168,4040,3839.75
1643377740,1785.168,1786.19,1784.1,1784.855,3740,3959.75
1643377800,1784.832,1785.41,1783.7,1784.9,3400,3856.7
1643377860,1784.95,1785.795,1783.9,1785.2,3730,3789.55
1643377920,1785.49,1786.143,1784.3,1785.699,3130,3731
1643377980,1785.76,1785.81,1783.9,1784.475,2777,3659.55
1643378040,1784.53,1785.52,1783.5,1784.91,2784,3613.5
1643378100,1784.88,1785.39,1783.3,1784.98,3024,3555.85
1643378160,1784.9,1785.77,1783.9,1785.459,2443,3433.8
1643378220,1785.495,1787.24,1784.9,1786.74,3018,3369.4
1643378280,1786.642,1787.54,1785.6,1786.19,2755,3313.5
1643378340,1786.21,1787.04,1785.2,1786.33,2591,3279.5
1643378400,1786.32,1787.94,1785.9,1786.84,2870,3231.85
1643378460,1786.728,1787.88,1786.1,1787.47,2682,3178.55
1643378520,1787.435,1787.56,1785.9,1787.31,2572,3106.45
1643378580,1787.33,1788.15,1786.2,1787.99,2562,3032.7
1643378640,1788.07,1788.62,1786.7,1788.25,2426,2985.75
1643378700,1788.39,1788.83,1786.9,1787.89,2512,2954.4
1643378760,1787.89,1787.92,1786.2,1787.36,2235,2912.85
1643378820,1787.246,1788.64,1786.7,1788.64,2355,2882.3
1643378880,1788.586,1788.93,1787.2,1788.66,2204,2790.5
1643378940,1788.5,1788.68,1786.7,1787.878,2058,2706.4
1643379000,1787.94,1788.24,1786.4,1787.69,2288,2650.8
1643379060,1787.68,1787.82,1786.1,1787.4,1882,2558.4
1643379120,1787.5,1787.83,1786.2,1787.258,1873,2495.55
1643379180,1787.3,1787.5,1785.8,1786.31,1836,2448.5
1643379240,1786.21,1786.63,1784.9,1785.718,2274,2423
1643379300,1785.74,1785.88,1783.7,1784.61,2289,2386.25
1643379360,1784.48,1784.78,1783,1783.898,2771,2402.65
1643379420,1784.03,1784.46,1782.6,1784.099,3024,2402.95
1643379480,1784.09,1784.099,1781.1,1782.358,3110,2420.7
1643379540,1782.4,1783.38,1781.5,1783.23,2963,2439.3
1643379600,1783.23,1783.47,1781.7,1782.75,2557,2423.65
1643379660,1782.75,1783.34,1781.5,1782.88,2204,2399.75
1643379720,1782.88,1783.47,1781.6,1782.998,2240,2383.15
1643379780,1783.09,1783.14,1781.1,1782.279,1954,2352.75
1643379840,1782.27,1782.76,1781.4,1781.7,2092,2336.05
1643379900,1781.948,1782.09,1780,1780.79,2962,2358.55
1643379960,1780.87,1782.02,1780.2,1781.95,2234,2358.5
1643380020,1781.85,1782.45,1780.6,1782.27,2042,2342.85
1643380080,1782.31,1782.89,1781.1,1782.5,2216,2343.45
1643380140,1782.46,1783.79,1782,1783.49,2234,2352.25
1643380200,1783.58,1783.97,1781.5,1783.4,3734,2424.55
1643380260,1783.67,1784.424,1781.7,1782.99,3703,2515.6
1643380320,1782.93,1783.69,1781.9,1782.89,3010,2572.45
1643380380,1782.88,1783.2,1781.3,1782.86,3027,2632
1643380440,1782.8,1784.06,1781.6,1783.92,3577,2697.15
1643380500,1783.966,1785.36,1783.5,1784.62,3547,2760.05
1643380560,1784.63,1785.37,1783.5,1785.05,3424,2792.7
1643380620,1785.04,1785.79,1783.7,1785.74,3363,2809.65
1643380680,1785.74,1785.92,1784.4,1785.31,3125,2810.4
1643380740,1785.27,1785.55,1783.9,1784.95,3353,2829.9
1643380800,1784.94,1785.34,1783.6,1784.955,3433,2873.7
1643380860,1784.936,1786.11,1784,1785.05,3221,2924.55
1643380920,1785.28,1786.18,1784.2,1785.96,2851,2955.1
1643380980,1785.95,1786.16,1784.5,1785.67,2789,2996.85
1643381040,1785.65,1786.64,1784.7,1786.534,2741,3029.3
1643381100,1786.4,1787.11,1785.7,1786.43,3325,3047.45
1643381160,1786.215,1787.73,1785.5,1786.67,3256,3098.55
1643381220,1786.67,1786.98,1785.1,1786.734,3078,3150.35
1643381280,1786.79,1787.04,1785.7,1786.6,2856,3182.35
1643381340,1786.92,1787.77,1785.5,1787.7,3356,3238.45
1643381400,1787.56,1787.91,1785.8,1787.034,3443,3223.9
1643381460,1786.91,1789.57,1786.7,1788.16,4331,3255.3
1643381520,1788.259,1788.9,1786.8,1788.248,3596,3284.6
1643381580,1788.223,1788.65,1786.8,1787.975,2982,3282.35
1643381640,1788.016,1788.44,1787.3,1788.33,3097,3258.35
1643381700,1788,1788.6,1786.7,1787.48,3256,3243.8
1643381760,1787.47,1788.19,1786.5,1787.38,3551,3250.15
1643381820,1787.19,1787.85,1785.9,1787.21,2646,3214.3
1643381880,1787.02,1787.93,1786.5,1787.71,2613,3188.7
1643381940,1787.65,1787.87,1785.8,1786.57,2347,3138.4
1643382000,1786.435,1788.045,1785.7,1787.879,3619,3147.7
1643382060,1787.87,1788.09,1785.7,1786.348,3444,3158.85
1643382120,1786.33,1787.81,1785.8,1787.45,3339,3183.25
1643382180,1787.526,1788,1786.4,1787.74,3217,3204.65
1643382240,1787.57,1787.95,1786.3,1787.38,3173,3226.25
1643382300,1787.38,1788.1,1786.2,1787.72,3141,3217.05
1643382360,1787.72,1788.85,1786.8,1788.7,2965,3202.5
1643382420,1788.86,1788.86,1786.9,1788.236,2656,3181.4
1643382480,1788.3,1789.65,1787.9,1789.328,2835,3180.35
1643382540,1789.328,1790.22,1788.7,1789.474,2786,3151.85
1643382600,1789.418,1791.229,1789.3,1791.03,2935,3126.45
1643382660,1791.132,1792.99,1790.7,1792.129,3999,3109.85
1643382720,1792.184,1792.29,1789.3,1790.08,3247,3092.4
1643382780,1790.07,1790.24,1788.1,1789.35,2660,3076.3
1643382840,1789.355,1789.47,1786.5,1787.94,2920,3067.45
1643382900,1787.79,1788.71,1787,1788.07,3305,3069.9
1643382960,1788.014,1788.4,1786.1,1787.84,3242,3054.45
1643383020,1787.69,1788.05,1786.4,1787.48,2605,3052.4
1643383080,1787.46,1787.68,1783.4,1784.07,3609,3102.2
1643383140,1784.036,1786.14,1783.2,1786.032,3741,3171.9
1643383200,1785.94,1786.24,1784.5,1785.11,3151,3148.5
1643383260,1785.11,1785.97,1784,1784.85,2764,3114.5
1643383320,1784.775,1785.42,1783.5,1784.89,2719,3083.5
1643383380,1785.006,1785.53,1783.7,1785.063,2484,3046.85
1643383440,1785.012,1785.6,1784,1784.822,2388,3007.6
1643383500,1784.8,1784.91,1783.3,1784.126,1991,2950.1
1643383560,1784.19,1784.52,1782.7,1783.84,1981,2900.9
1643383620,1783.959,1785.09,1783.3,1784.51,2022,2869.2
1643383680,1784.51,1784.58,1783,1784.21,1780,2816.45
1643383740,1784.21,1784.735,1783.1,1784.44,2155,2784.9
1643383800,1784.44,1785.04,1782.7,1783.618,2643,2770.3
1643383860,1783.59,1783.95,1781.9,1782.58,2650,2702.85
1643383920,1782.49,1782.925,1781,1782.34,3647,2722.85
1643383980,1782.278,1782.73,1781.9,1782.168,2788,2729.25
1643384040,1782.28,1783.85,1781.9,1782.798,2722,2719.35
1643384100,1782.81,1783.508,1781.7,1783.1,2614,2684.8
1643384160,1783.068,1783.4,1781.7,1783.16,2297,2637.55
1643384220,1783.134,1783.32,1781.3,1782.599,2496,2632.1
1643384280,1782.51,1783.24,1781.9,1782.558,2375,2570.4
1643384340,1782.67,1784.16,1781.3,1784.068,2369,2501.8
1643384400,1784.11,1784.7,1782.7,1783.39,3012,2494.85
1643384460,1783.455,1783.8,1782.4,1783.15,2394,2476.35
1643384520,1783.14,1783.16,1781.6,1782.76,2606,2470.7
1643384580,1782.63,1783.5,1781.5,1782.84,2912,2492.1
1643384640,1782.84,1783.96,1781.7,1783.834,2325,2488.95
1643384700,1783.794,1784.04,1781.9,1783.636,2856,2532.2
1643384760,1783.49,1785.23,1782.3,1784,3326,2599.45
1643384820,1783.984,1785.88,1782.8,1785.432,3153,2656
1643384880,1785.51,1786.23,1784.4,1785.16,2577,2695.85
1643384940,1785.15,1786.43,1783.9,1786.19,2908,2733.5
1643385000,1786.26,1786.46,1785,1785.566,2622,2732.45
1643385060,1785.566,1785.8,1784.5,1785.22,2894,2744.65
1643385120,1785.09,1785.68,1784.1,1785.47,2521,2688.35
1643385180,1785.47,1785.78,1784.4,1785.23,2517,2674.8
1643385240,1785.22,1785.9,1784,1785.258,2484,2662.9
1643385300,1785.38,1785.58,1783.6,1784.76,2665,2665.45
1643385360,1784.75,1784.76,1783.2,1783.99,2366,2668.9
1643385420,1783.97,1784.09,1782.5,1783.43,2545,2671.35
1643385480,1783.254,1783.54,1781.8,1782.83,2461,2675.65
1643385540,1782.69,1783.27,1781.5,1782.755,2934,2703.9
1643385600,1782.66,1783.22,1781.6,1782.93,2696,2688.1
1643385660,1782.915,1783.52,1781.6,1783.268,2310,2683.9
1643385720,1783.3,1784.21,1782.1,1783.855,2302,2668.7
1643385780,1784.01,1784.59,1782.7,1784.46,2256,2635.9
1643385840,1784.504,1784.68,1782.7,1784.04,2030,2621.15
1643385900,1784.03,1784.31,1782.7,1783.7,2334,2595.05
1643385960,1783.732,1783.91,1782.1,1783.03,1825,2520
1643386020,1783.02,1783.38,1781.8,1783.24,2025,2463.6
1643386080,1783.24,1783.37,1782,1782.93,2058,2437.65
1643386140,1783.08,1783.45,1781.7,1782.64,1790,2381.75
1643386200,1782.691,1782.84,1781.4,1782.57,1834,2342.35
1643386260,1782.41,1783.17,1781.3,1783.17,1964,2295.85
1643386320,1783.17,1783.77,1781.8,1783.73,2125,2276.05
1643386380,1783.695,1784.3,1782.4,1784.25,1926,2246.5
1643386440,1783.9,1784.88,1783,1784.53,2222,2233.4
1643386500,1784.442,1785.19,1783.8,1785.14,2138,2207.05
1643386560,1785.13,1785.29,1783.6,1784.91,2041,2190.8
1643386620,1784.855,1785.8,1783.7,1785.78,2128,2169.95
1643386680,1785.8,1785.85,1784.1,1784.858,2043,2149.05
1643386740,1784.94,1785.7,1783.7,1785.53,1818,2093.25
1643386800,1785.555,1786.07,1784.2,1786.07,2352,2076.05
1643386860,1786.03,1786.45,1784.6,1785.93,1895,2055.3
1643386920,1786.07,1786.15,1784.8,1785.77,1739,2027.15
1643386980,1785.64,1785.82,1783.9,1785.17,1797,2004.2
1643387040,1785.075,1785.32,1783.7,1785.07,1578,1981.6
1643387100,1784.94,1785.4,1783.8,1785.063,1929,1961.35
1643387160,1785.036,1785.2,1783.6,1784.23,1864,1963.3
1643387220,1784.35,1784.44,1783.2,1784.07,2006,1962.35
1643387280,1784.05,1784.92,1782.9,1784.738,2011,1960
1643387340,1784.815,1784.93,1783.3,1784.258,1975,1969.25
1643387400,1784.41,1785.41,1783.4,1785.392,2313,1993.2
1643387460,1785.38,1785.9,1784.1,1785.238,2343,2012.15
1643387520,1785.284,1785.84,1784.4,1785.23,2109,2011.35
1643387580,1785.23,1786.21,1784,1786.03,2013,2015.7
1643387640,1785.86,1786.09,1784.8,1785.646,2090,2009.1
1643387700,1785.645,1786.29,1784.4,1786.159,1878,1996.1
1643387760,1786.25,1786.46,1784.7,1785.71,1965,1992.3
1643387820,1785.72,1785.92,1784.2,1785.49,1644,1968.1
1643387880,1785.52,1785.56,1783.5,1784.475,1969,1964.4
1643387940,1784.52,1784.68,1783.3,1784.168,1698,1958.4
1643388000,1784.155,1784.28,1783,1784.05,1636,1922.6
1643388060,1783.91,1784.09,1781.5,1782.25,2194,1937.55
1643388120,1781.9,1783.22,1781,1782.93,2263,1963.75
1643388180,1782.978,1783.35,1781.7,1782.85,1887,1968.25
1643388240,1782.839,1783.16,1781.4,1782.586,1974,1988.05
1643388300,1782.69,1783.34,1782.2,1783.02,1756,1979.4
1643388360,1782.939,1783.38,1781.6,1782.898,1867,1979.55
1643388420,1782.87,1783.24,1781.7,1782.77,1705,1964.5
1643388480,1782.666,1782.99,1781.4,1782.59,1584,1943.15
1643388540,1782.59,1782.99,1781.3,1782.8,1740,1931.4
1643388600,1782.8,1783.2,1781.6,1782.5,1407,1886.1
1643388660,1782.76,1783.63,1782.3,1783.62,1355,1836.7
1643388720,1783.46,1784.26,1782.5,1784.02,1283,1795.4
1643388780,1784.02,1784.16,1782.5,1783.522,1383,1763.9
1643388840,1783.565,1783.61,1782,1783.41,1713,1745.05
1643388900,1783.31,1783.77,1782.1,1783.52,1433,1722.8
1643388960,1783.4,1783.9,1783.1,1783.74,1649,1707
1643389020,1783.75,1784.79,1782.6,1784.57,1571,1703.35
1643389080,1784.71,1784.92,1783.5,1784.67,1442,1677
1643389140,1784.66,1785.21,1783.6,1785.152,1268,1655.5
1643389200,1785.21,1785.79,1784,1784.679,1606,1654
1643389260,1784.73,1784.96,1783.8,1784.625,1342,1611.4
1643389320,1784.78,1785.383,1783.5,1785.31,1328,1564.65
1643389380,1785.33,1785.67,1784,1785.53,1417,1541.15
1643389440,1785.36,1785.53,1783.7,1784.89,1190,1501.95
1643389500,1784.73,1785.07,1783.5,1784.91,1403,1484.3
1643389560,1784.91,1785.37,1783.6,1785.27,1448,1463.35
1643389620,1785.11,1785.42,1784,1784.82,1189,1437.55
1643389680,1784.899,1785.16,1783.8,1785.01,1207,1418.7
1643389740,1784.86,1785.44,1783.7,1785.18,1203,1391.85
1643389800,1785.19,1785.25,1783.7,1784.94,1264,1384.7
1643389860,1784.879,1785.04,1783.6,1784.3,1018,1367.85
1643389920,1784.652,1784.73,1783,1784.09,1471,1377.25
1643389980,1783.94,1784.21,1782.7,1783.838,1302,1373.2
1643390040,1783.78,1783.93,1782.2,1783,1334,1354.25
1643390100,1783.21,1783.43,1781.8,1782.96,1371,1351.15
1643390160,1783.1,1783.11,1781.7,1782.6,1391,1338.25
1643390220,1782.679,1782.85,1781.3,1782.46,1287,1324.05
1643390280,1782.5,1782.56,1781.2,1782.29,1367,1320.3
1643390340,1782.229,1782.6,1781.1,1782.3,1214,1317.6
1643390400,1782.3,1782.544,1780.7,1782.185,1740,1324.3
1643390460,1782.21,1783.11,1781,1783.05,2132,1363.8
1643390520,1783.083,1783.23,1781.8,1782.99,1188,1356.8
1643390580,1783.11,1783.23,1781.9,1782.89,1432,1357.55
1643390640,1782.829,1782.95,1781.5,1782.69,1400,1368.05
1643390700,1782.65,1783.13,1781.4,1782.5,1360,1365.9
1643390760,1782.81,1783.01,1781.3,1782.848,1293,1358.15
1643390820,1782.82,1783.4,1781.6,1782.67,1580,1377.7
1643390880,1782.77,1782.784,1781.5,1782.418,1439,1389.3
1643390940,1782.51,1783.255,1781.2,1783.16,1197,1389
1643391000,1783.16,1783.43,1781.9,1782.89,1436,1397.6
1643391060,1782.89,1783.34,1781.6,1783.14,1304,1411.9
1643391120,1782.8,1783.23,1781.5,1782.89,1216,1399.15
1643391180,1782.9,1782.91,1782.2,1782.398,1346,1401.35
1643391240,1782.41,1782.66,1781.2,1782.61,1446,1406.95
1643391300,1782.584,1782.76,1782,1782.568,1134,1395.1
1643391360,1782.66,1783,1781.4,1782.765,1085,1379.8
1643391420,1782.88,1782.93,1781.3,1782.69,1247,1377.8
1643391480,1782.655,1782.72,1781.2,1782.115,1262,1372.55
1643391540,1782.21,1782.4,1780.8,1781.8,1423,1383
1643391600,1782.144,1782.38,1780.8,1782.26,1153,1353.65
1643391660,1782.175,1782.48,1780.9,1782.21,1044,1299.25
1643391720,1782.148,1782.961,1781.1,1782.68,1437,1311.7
1643391780,1782.83,1783.14,1781.6,1782.746,1412,1310.7
1643391840,1782.81,1783.429,1781.7,1783.42,1246,1303
1643391900,1783.22,1783.89,1782.3,1783.69,1360,1303
1643391960,1783.68,1783.71,1782.1,1783.1,1195,1298.1
1643392020,1783.32,1783.83,1782.4,1783.695,1057,1271.95
1643392080,1783.703,1783.88,1782.5,1783.67,1038,1251.9
1643392140,1783.67,1784.15,1782.8,1783.8,958,1239.95
1643392200,1783.82,1784.26,1782.7,1783.842,1113,1223.8
1643392260,1783.798,1784.28,1782.5,1784.219,1188,1218
1643392320,1784.26,1784.53,1783,1784.436,938,1204.1
1643392380,1784.35,1784.6,1783.7,1784.29,1052,1189.4
1643392440,1784.13,1784.56,1783,1784.34,1077,1170.95
1643392500,1784.27,1784.64,1783.8,1784.29,1253,1176.9
1643392560,1784.158,1784.35,1782.8,1784.23,964,1170.85
1643392620,1784.162,1784.32,1782.9,1784.13,873,1152.15
1643392680,1784.186,1784.6,1783.2,1784,903,1134.2
1643392740,1784.18,1784.4,1782.8,1784.01,1307,1128.4
1643392800,1783.9,1785.02,1783,1784.95,1263,1133.9
1643392860,1784.95,1785.67,1784.2,1785.59,1580,1160.7
1643392920,1785.519,1787,1784.4,1786.73,2271,1202.4
1643392980,1786.87,1787.18,1785.5,1786.69,1788,1221.2
1643393040,1786.679,1786.75,1784.9,1785.904,1289,1223.35
1643393100,1785.97,1786.35,1784.065,1785.79,1215,1216.1
1643393160,1785.65,1786.04,1784.025,1785.488,1221,1217.4
1643393220,1785.488,1785.79,1784.045,1785.2,1188,1223.95
1643393280,1785.548,1785.79,1784.3,1785.53,1280,1236.05
1643393340,1785.419,1785.55,1784,1784.8,1106,1243.45
1643393400,1785.048,1785.36,1784,1785.219,814,1228.5
1643393460,1785.18,1785.85,1784.2,1785.84,860,1212.1
1643393520,1785.81,1785.96,1784.5,1785.56,939,1212.15
1643393580,1785.498,1786.71,1784.4,1786.52,971,1208.1
1643393640,1786.7,1787.09,1785.5,1786.6,1017,1205.1
1643393700,1786.96,1786.96,1786.4,1786.73,939,1189.4
1643393760,1786.671,1786.77,1785.1,1786,957,1189.05
1643393820,1786.372,1786.8,1784.018,1786.58,792,1185
1643393880,1786.675,1786.82,1786.2,1786.54,618,1170.75
1643393940,1786.56,1787,1784.085,1786.64,838,1147.3
1643394000,1786.624,1786.66,1785.3,1786.56,954,1131.85
1643394060,1786.54,1786.58,1785.1,1786.13,884,1097.05
1643394120,1786.25,1786.29,1784.7,1786.07,1147,1040.85
1643394180,1786.07,1786.18,1784.8,1785.9,1055,1004.2
1643394240,1785.982,1786.59,1785,1786.57,1170,998.25
1643394300,1786.481,1786.72,1785.3,1786.3,961,985.55
1643394360,1786.32,1786.59,1785.2,1786.472,852,967.1
1643394420,1786.42,1786.59,1784.8,1785.8,1037,959.55
1643394480,1786.092,1786.51,1785.3,1786.439,1119,951.5
1643394540,1786.38,1786.51,1784.5,1785.62,2216,1007
1643394600,1785.554,1787.24,1784.9,1787.12,1501,1041.35
1643394660,1787.12,1787.86,1786.6,1787.66,1031,1049.9
1643394720,1787.575,1787.68,1786.4,1787.59,915,1048.7
1643394780,1787.46,1787.99,1786.6,1787.77,804,1040.35
1643394840,1787.77,1787.85,1786.1,1787.29,891,1034.05
1643394900,1787.17,1787.8,1786.2,1787.77,914,1032.8
1643394960,1787.58,1787.81,1786.4,1787.629,979,1033.9
1643395020,1787.7,1787.81,1786.5,1787.79,943,1041.45
1643395080,1787.4,1787.99,1786.6,1787.782,802,1050.65
1643395140,1787.89,1787.99,1786.7,1787.83,719,1044.7
1643395200,1787.5,1787.84,1786.3,1787.3,629,1028.45
1643395260,1787.539,1787.95,1786.4,1787.77,826,1025.55
1643395320,1787.76,1787.9,1786.5,1787.4,697,1003.05
1643395380,1787.69,1788.09,1786.7,1788.019,843,992.45
1643395440,1788.09,1788.34,1786.6,1787.4,1000,983.95
1643395500,1787.65,1787.82,1786.3,1787,735,972.65
1643395560,1787.43,1787.43,1786,1786.94,985,979.3
1643395620,1786.93,1786.94,1785.9,1786.829,615,958.2
1643395680,1786.92,1787.08,1786,1786.76,805,942.5
1643395740,1786.87,1786.9,1785.7,1786.2,689,866.15
1643395800,1786.61,1786.64,1785.6,1786.45,460,814.1
1643395860,1786.43,1786.7,1785.3,1786.7,775,801.3
1643395920,1786.7,1786.89,1785.5,1786.89,800,795.55
1643395980,1786.805,1787.08,1785.5,1786.91,604,785.55
1643396040,1786.932,1787.09,1785.5,1786.67,649,773.45
1643396100,1786.66,1786.99,1785.7,1786.63,796,767.55
1643396160,1786.63,1787.18,1785.9,1786.6,683,752.75
1643396220,1787.03,1787.1,1785.6,1786.81,743,742.75
1643396280,1786.81,1786.83,1785.4,1786.3,562,730.75
1643396340,1786.53,1786.85,1786.1,1786.62,745,732.05
1643396400,1786.51,1787.05,1785.5,1786.4,845,742.85
1643396460,1786.474,1786.76,1785.8,1786.73,425,722.8
1643396520,1786.63,1787.09,1786.4,1786.92,761,726
1643396580,1786.93,1787.14,1785.9,1787.08,878,727.75
1643396640,1786.89,1787.1,1785.8,1786.78,863,720.9
1643396700,1786.66,1786.87,1786.3,1786.695,705,719.4
1643396760,1786.695,1786.92,1785.6,1786.53,1003,720.3
1643396820,1786.37,1786.54,1785.1,1786.24,847,731.9
1643396880,1786.24,1786.24,1784.3,1785.33,1030,743.15
1643396940,1785.435,1785.51,1784.2,1785.34,788,748.1
1643397000,1785.23,1785.53,1784,1785.2,879,769.05
1643397060,1785.28,1785.34,1783.7,1784.975,874,774
1643397120,1784.85,1785.06,1783.5,1784.81,811,774.55
1643397180,1784.81,1784.9,1783.4,1784.3,795,784.1
1643397240,1784.48,1784.7,1784.1,1784.2,571,780.2
1643397300,1784.544,1785.16,1783.3,1785,908,785.8
1643397360,1784.88,1785.09,1783.6,1784.748,853,794.3
1643397420,1784.75,1784.94,1783.3,1784.53,820,798.15
1643397480,1784.53,1784.83,1783.2,1784.695,722,806.15
1643397540,1784.67,1784.75,1783.4,1784.568,570,797.4
1643397600,1784.568,1784.62,1783.1,1784.41,921,801.2
1643397660,1784.46,1784.774,1783.3,1784.62,846,822.25
1643397720,1784.648,1785.11,1783.4,1784.96,883,828.35
1643397780,1784.6,1785.42,1784,1785.16,971,833
1643397840,1785.16,1785.18,1783.6,1784.77,907,835.2
1643397900,1784.77,1784.864,1784.4,1784.79,782,839.05
1643397960,1784.759,1784.82,1783.3,1784.622,689,823.35
1643398020,1784.659,1784.98,1783.5,1784.818,706,816.3
1643398080,1784.87,1785.2,1783.6,1784.819,736,801.6
1643398140,1784.86,1784.93,1783.6,1784.83,829,803.65
1643398200,1784.83,1784.87,1783.5,1784.72,1189,819.15
1643398260,1784.76,1784.91,1783.6,1784.78,822,816.55
1643398320,1784.79,1784.91,1783.5,1784.86,924,822.2
1643398380,1784.808,1784.87,1783.3,1784.64,857,825.3
1643398440,1784.64,1784.94,1783.5,1784.73,820,837.75
1643398500,1784.795,1785.09,1783.7,1784.6,710,827.85
1643398560,1784.929,1785.26,1783.9,1785.16,925,831.45
1643398620,1784.8,1785.32,1784,1785.28,626,821.75
1643398680,1785.259,1785.4,1784.1,1785.3,568,814.05
1643398740,1785.24,1785.32,1783.4,1784.59,972,834.15
1643398800,1784.6,1784.94,1783.6,1784.79,973,836.75
1643398860,1784.66,1784.93,1783.4,1784.62,860,837.45
1643398920,1784.604,1784.87,1783.5,1784.8,969,841.75
1643398980,1784.718,1784.86,1784.3,1784.76,738,830.1
1643399040,1784.744,1784.96,1783.6,1784.85,945,832
1643399100,1784.7,1785.36,1783.7,1785.24,919,838.85
1643399160,1785.208,1785.55,1784.1,1785.268,676,838.2
1643399220,1785.288,1785.59,1784.3,1785.53,596,832.7
1643399280,1785.53,1785.55,1784,1784.928,887,840.25
1643399340,1785,1785.33,1784.6,1785.28,721,834.85
1643399400,1785.28,1785.44,1784.1,1785.42,807,815.75
1643399460,1785.338,1785.56,1784.2,1785.455,718,810.55
1643399520,1785.47,1785.66,1784.4,1784.6,1091,818.9
1643399580,1785.45,1785.64,1785,1785.43,874,819.75
1643399640,1785.328,1785.83,1784.1,1785.728,1388,848.15
1643399700,1785.794,1786.03,1784.6,1785.568,1192,872.25
1643399760,1785.64,1786.451,1784.9,1786.29,1200,886
1643399820,1786.444,1786.59,1785.1,1786.55,934,901.4
1643399880,1786.42,1786.82,1785.1,1786.82,948,920.4
1643399940,1786.784,1787.17,1785.4,1786.97,1644,954
1643400000,1786.95,1787.19,1785.9,1786.9,1671,988.9
1643400060,1786.758,1787.36,1785.7,1787.06,1556,1023.7
1643400120,1787.06,1787.46,1786.1,1787.4,1338,1042.15
1643400180,1787.29,1787.99,1786.4,1787.77,1311,1070.8
1643400240,1787.77,1788.03,1786.5,1787.79,1069,1077
1643400300,1787.79,1788.02,1787.1,1787.1,947,1078.4
1643400360,1787.392,1788.17,1786.2,1788.03,847,1086.95
1643400420,1787.91,1788.19,1787.5,1787.91,914,1102.85
1643400480,1787.91,1788.2,1786.8,1788.12,746,1095.8
1643400540,1788.068,1788.22,1786.8,1787.968,847,1102.1
1643400600,1787.967,1788.28,1787,1788.224,1065,1115
1643400660,1788.28,1788.39,1786.9,1788.19,938,1126
1643400720,1788.078,1788.54,1786.9,1788.368,948,1118.85
1643400780,1788.5,1788.759,1787.2,1788.67,1278,1139.05
1643400840,1788.658,1788.87,1787.4,1788.71,1193,1129.3
1643400900,1788.7,1788.88,1787.5,1788.66,1046,1122
1643400960,1788.63,1788.8,1787.4,1788.398,1012,1112.6
1643401020,1788.56,1788.71,1787.3,1788.47,1045,1118.15
1643401080,1788.34,1788.69,1787.2,1788.62,931,1117.3
1643401140,1788.579,1788.7,1787.3,1788.57,723,1071.25
1643401200,1788.49,1788.82,1787.4,1788.77,1230,1049.2
1643401260,1788.69,1789.1,1787.5,1788.57,1070,1024.9
1643401320,1788.57,1788.66,1787.2,1788.53,726,994.3
1643401380,1788.53,1788.7,1787.3,1788.514,936,975.55
1643401440,1788.58,1788.97,1787.4,1788.96,847,964.45
1643401500,1788.96,1789.1,1787.7,1788.66,824,958.3
1643401560,1788.66,1789.05,1787.4,1788.975,1165,974.2
1643401620,1789.05,1789.05,1787.7,1788.93,796,968.3
1643401680,1788.93,1789.1,1787.8,1788.926,934,977.7
1643401740,1788.99,1789.05,1787.7,1788.788,947,982.7
1643401800,1788.94,1788.96,1787.6,1788.6,1196,989.25
1643401860,1788.48,1788.62,1787.3,1788.22,1027,993.7
1643401920,1788.28,1788.54,1787,1788.31,814,987
1643401980,1788.29,1788.68,1787.1,1788.328,844,965.3
1643402040,1788.47,1788.69,1787.2,1788.158,1179,964.6
1643402100,1788.24,1788.67,1787.1,1788.53,1033,963.95
1643402160,1788.52,1788.52,1787.1,1788.07,612,943.95
1643402220,1788.04,1788.42,1787.2,1788.16,1007,942.05
1643402280,1788.06,1788.45,1786.9,1788.2,1068,948.9
1643402340,1788,1788.34,1787,1788.19,849,955.2
1643402400,1788.19,1788.53,1786.9,1788.47,1128,950.1
1643402460,1788.49,1788.68,1787.2,1788.488,817,937.45
1643402520,1788.468,1788.89,1787.3,1788.3,857,944
1643402580,1788.638,1788.96,1787.5,1788.92,781,936.25
1643402640,1788.884,1789,1787.6,1788.76,904,939.1
1643402700,1788.76,1788.76,1787.3,1788.1,1058,950.8
1643402760,1788.419,1788.69,1787.2,1788.32,729,929
1643402820,1788.228,1788.45,1787,1788.23,967,937.55
1643402880,1788.26,1788.528,1787,1788.3,889,935.3
1643402940,1788.459,1788.53,1787.1,1788.44,778,926.85
1643403000,1788.44,1788.8,1787.3,1788.4,1145,924.3
1643403060,1788.31,1788.49,1787.1,1788.42,697,907.8
1643403120,1788.42,1788.89,1787.3,1788.84,1143,924.25
1643403180,1788.738,1788.87,1787.4,1788.69,1240,944.05
1643403240,1788.711,1789.36,1787.5,1789.18,1166,943.4
1643403300,1789.255,1789.32,1787.8,1789.19,1043,943.9
1643403360,1789.19,1789.49,1788,1789.47,829,954.75
1643403420,1789.388,1789.5,1788.1,1789.168,1034,956.1
1643403480,1788.9,1789.3,1787.6,1789.02,1021,953.75
1643403540,1788.91,1789.09,1787.7,1788.67,1819,1002.25
1643403600,1788.8,1789.19,1787.8,1788.81,1655,1028.6
1643403660,1788.924,1789.03,1787.6,1788.58,830,1029.25
1643403720,1788.58,1789,1787.4,1788.98,646,1018.7
1643403780,1788.84,1789.05,1787.8,1788.778,535,1006.4
1643403840,1788.815,1789.16,1787.7,1789.09,610,991.7
1643403900,1788.9,1789.12,1787.9,1789.12,454,961.5
1643403960,1789.006,1789.42,1787.8,1789.32,620,956.05
1643404020,1789.33,1789.37,1788.1,1789.295,363,925.85
1643404080,1789.36,1789.38,1788.4,1789.35,346,898.7
1643404140,1789.299,1789.55,1788.3,1789.474,522,885.9
1643404200,1789.54,1789.91,1788.5,1789.83,483,852.8
1643404260,1789.83,1789.89,1788.6,1789.83,390,837.45
1643404320,1789.806,1790.06,1788.8,1789.91,321,796.35
1643404380,1789.82,1790.07,1788.6,1790.04,485,758.6
1643404440,1790.02,1790.06,1788.8,1789.905,392,719.9
1643404500,1790.02,1790.09,1788.9,1789.92,365,686
1643404560,1790.07,1790.15,1789.8,1790.01,296,659.35
1643404620,1790.01,1790.09,1788.8,1789.88,263,620.8
1643404680,1789.88,1789.96,1788.7,1789.83,287,584.1
1643404740,1789.766,1790.02,1789.7,1789.88,412,513.75
1643404800,1789.74,1790.06,1788.8,1789.79,297,445.85
1643404860,1789.875,1789.96,1788.7,1789.78,207,414.7
1643404920,1789.668,1789.98,1788.6,1789.77,376,401.2
1643404980,1789.76,1790.02,1788.8,1789.93,347,391.8
1643405040,1789.89,1790.02,1789.75,1789.97,113,366.95
1643405100,1789.97,1790.07,1789.74,1790.01,203,354.4
1643405160,1790.02,1790.28,1788.9,1790.21,205,333.65
1643405220,1790.176,1790.28,1789,1790.17,145,322.75
1643405280,1790.068,1790.25,1789.44,1789.628,238,317.35
1643405340,1789.58,1789.95,1788.6,1789.94,425,312.5
1643405400,1789.846,1790.1,1788.7,1789.98,374,307.05
1643405460,1789.888,1790.05,1788.8,1790.05,211,298.1
1643405520,1789.99,1790.09,1789.87,1789.97,106,287.35
1643405580,1789.97,1790.26,1789.1,1790.14,346,280.4
1643405640,1790.15,1790.85,1789.3,1790.78,491,285.35
1643405700,1790.63,1791,1789.7,1790.92,324,283.3
1643405760,1790.864,1790.97,1789.8,1790.61,365,286.75
1643405820,1790.47,1790.77,1790.46,1790.71,181,282.65
1643405880,1790.622,1790.74,1790.5,1790.69,153,275.95
1643405940,1790.645,1790.97,1790.49,1790.94,284,269.55
1643406000,1790.795,1790.93,1789.6,1790.679,439,276.65
1643406060,1790.679,1790.93,1789.7,1790.93,135,273.05
1643406120,1790.875,1791.02,1790.67,1791.02,241,266.3
1643406180,1790.99,1791.07,1789.9,1790.84,199,258.9
1643406240,1790.96,1791.07,1789.8,1790.92,154,260.95
1643406300,1791.05,1791.08,1789.9,1790.938,247,263.15
1643406360,1791.08,1791.19,1789.9,1791.14,176,261.7
1643406420,1791.04,1791.27,1790,1791.21,228,265.85
1643406480,1791.08,1791.29,1790,1791.108,257,266.8
1643406540,1791.24,1791.36,1790.1,1791.26,308,260.95
1643406600,1791.235,1791.39,1790.2,1791.24,195,252
1643406660,1791.24,1791.61,1790.1,1791.368,348,258.85
1643406720,1791.46,1791.6,1790.7,1791.55,103,258.7
1643406780,1791.41,1791.71,1790.3,1791.31,222,252.5
1643406840,1791.11,1791.69,1790.4,1791.4,355,245.7
1643406900,1791.564,1792.19,1790.9,1791.96,612,260.1
1643406960,1791.964,1792.09,1791,1791.744,276,255.65
1643407020,1791.744,1791.78,1790.7,1791.62,246,258.9
1643407080,1791.51,1791.655,1790.6,1791.655,236,263.05
1643407140,1791.575,1791.74,1790.8,1791.26,232,260.45